race_id,bracket_number,horse_number,horse_name,horse_id,gender_age,weight_dist,jockey_name,jockey_id,trainer_name,trainer_id,horse_weight,odds_win,popularity,race_date,recent_3_avg_speed,last_race_position,recent_form_score
202642010801,1,1,ルラクソント,2022106795,牡4,56.0,桑村真明,05411,浦和箕輪武,a01cf,484,22.7,4,2026-01-08,38.0,4,7.0
202642010801,2,2,レベリオン,2022101537,牡4,56.0,半澤慶実,a01f3,浦和宇野木博,05780,475,127.2,10,2026-01-08,38.0,4,7.0
202642010801,3,3,キョウエイサマンサ,2022103667,牝4,54.0,秋元耕成,05347,浦和小澤宏次,a02c8,472,71.0,7,2026-01-08,38.0,4,7.0
202642010801,4,4,カルストンブランド,2022106363,牝4,52.0,中島良美,05649,浦和入口由美,a0478,443,101.4,9,2026-01-08,38.0,4,7.0
202642010801,5,5,ハーシュミストレス,2022102281,牝4,54.0,七夕裕次,05611,浦和酒井一則,a01fe,451,69.1,6,2026-01-08,38.0,4,7.0
202642010801,5,6,ベビーヴァギー,2022107168,牝4,54.0,保園翔也,05553,浦和野口寛仁,05751,404,7.5,2,2026-01-08,38.0,4,7.0
202642010801,6,7,イエスユイキャン,2022106595,牝4,54.0,岡田大,05348,浦和藪口一麻,a0236,433,73.3,8,2026-01-08,38.0,4,7.0
202642010801,6,8,オーデンアクア,2022101998,牡4,56.0,吉留孝司,05397,浦和藪口一麻,a0236,483,167.2,12,2026-01-08,38.0,4,7.0
202642010801,7,9,ノワスティエ,2022105361,牝4,54.0,木間塚龍,05607,浦和工藤伸輔,05591,424,9.7,3,2026-01-08,38.0,4,7.0
202642010801,7,10,リームシュトローア,2022106003,牡4,55.0,及川烈,05629,浦和酒井一則,a01fe,471,145.4,11,2026-01-08,38.0,4,7.0
202642010801,8,11,クレイジーホース,2022100948,セ4,56.0,仲野光馬,05618,浦和長谷川忍,05779,488,54.8,5,2026-01-08,38.0,4,7.0
202642010801,8,12,ジーヴル,2022103521,牡4,56.0,野畑凌,05630,浦和宇野木博,05780,491,1.1,1,2026-01-08,38.0,4,7.0
202642010802,1,1,サンドバンブー,2021106373,牝5,54.0,小杉亮,a025d,浦和川村守男,05651,511,122.5,10,2026-01-08,38.0,4,7.0
202642010802,2,2,ステラブローニュ,2022101737,牝4,52.0,中山遥人,a05d8,浦和工藤伸輔,05591,455,1.7,1,2026-01-08,38.0,4,7.0
202642010802,3,3,ゴールドボード,2019100826,牝7,54.0,秋元耕成,05347,浦和箕輪武,a01cf,524,177.6,11,2026-01-08,38.0,4,7.0
202642010802,4,4,ジュニパーダンス,2018100249,牝8,54.0,山中悠希,05598,浦和酒井一則,a01fe,444,69.5,8,2026-01-08,38.0,4,7.0
202642010802,5,5,マダムファンタジア,2021101923,牝5,54.0,室陽一朗,05651,浦和川村守男,05651,472,18.6,5,2026-01-08,38.0,4,7.0
202642010802,5,6,ロンドンキッド,2022105913,牝4,52.0,中島良美,05649,浦和酒井一則,a01fe,441,52.2,7,2026-01-08,38.0,4,7.0
202642010802,6,7,スイートウィル,2021100882,牝5,54.0,福原杏,05595,浦和川島豊,a0253,432,7.1,3,2026-01-08,38.0,4,7.0
202642010802,6,8,アマゴ,2019103483,牝7,54.0,保園翔也,05553,浦和箕輪武,a01cf,474,94.1,9,2026-01-08,38.0,4,7.0
202642010802,7,9,カラドボルグ,2018100161,牡8,56.0,岡田大,05348,浦和吉田正美,a018c,495,20.9,6,2026-01-08,38.0,4,7.0
202642010802,7,10,ワンダーダイカネン,2017102454,牡9,56.0,吉留孝司,05397,浦和鈴木勝文,05231,511,301.4,12,2026-01-08,38.0,4,7.0
202642010802,8,11,ダンストンムート,2020104696,牝6,54.0,見越彬央,a02c4,浦和野口孝,00873,463,12.6,4,2026-01-08,38.0,4,7.0
202642010802,8,12,キタノプレンティ,2022102504,牝4,54.0,岡村健司,05562,浦和工藤伸輔,05591,462,3.2,2,2026-01-08,38.0,4,7.0
202642010803,1,1,ミラクルキッス,2022103669,牡4,55.0,笠野雄大,a0235,浦和海馬澤司,05015,503,4.0,3,2026-01-08,38.0,4,7.0
202642010803,2,2,ロバリアノキセキ,2022109076,牝4,55.0,野畑凌,05630,浦和箕輪武,a01cf,433,3.3,1,2026-01-08,38.0,4,7.0
202642010803,3,3,プリンセスパリー,2021103769,牝5,53.0,櫻井光輔,05563,浦和鈴木勝文,05231,426,27.4,6,2026-01-08,38.0,4,7.0
202642010803,4,4,ツーエムルーイー,2020100471,牝6,51.0,中島良美,05649,浦和小澤宏次,a02c8,558,165.1,11,2026-01-08,38.0,4,7.0
202642010803,5,5,ミリオンヒット,2022103562,牝4,53.0,赤津和希,05561,浦和鹿沼良和,05476,398,174.4,12,2026-01-08,38.0,4,7.0
202642010803,5,6,ロングビーチ,2021107207,牝5,53.0,笹川翼,05524,浦和藤原智行,05766,419,3.5,2,2026-01-08,38.0,4,7.0
202642010803,6,7,ニシノミモザ,2021107091,牝5,53.0,秋元耕成,05347,浦和吉田正美,a018c,440,112.3,8,2026-01-08,38.0,4,7.0
202642010803,6,8,リバーフロント,2022100119,牝4,55.0,菅原涼太,05612,浦和藤原智行,05766,432,122.9,9,2026-01-08,38.0,4,7.0
202642010803,7,9,ルージュルージュ,2021103016,牝5,53.0,中山遥人,a05d8,浦和長谷川忍,05779,473,5.1,4,2026-01-08,38.0,4,7.0
202642010803,7,10,アースメロディ,2021105342,牝5,55.0,福原杏,05595,浦和箕輪武,a01cf,501,7.3,5,2026-01-08,38.0,4,7.0
202642010803,8,11,ジャックルージュ,2022103659,牡4,55.0,保園翔也,05553,浦和川村守男,05651,452,56.3,7,2026-01-08,38.0,4,7.0
202642010803,8,12,カクシンドリーム,2022104524,牝4,55.0,吉留孝司,05397,浦和藪口一麻,a0236,412,131.1,10,2026-01-08,38.0,4,7.0
202642010804,1,1,クリールヴィット,2023100422,牝3,54.0,藤江渉,a0188,浦和鈴木勝文,05231,435,97.6,9,2026-01-08,38.0,4,7.0
202642010804,2,2,アヴェマリスステラ,2023102262,牝3,54.0,七夕裕次,05611,浦和川島豊,a0253,474,2.7,1,2026-01-08,38.0,4,7.0
202642010804,3,3,キョウエイアラジン,2023104655,牡3,56.0,秋元耕成,05347,浦和小澤宏次,a02c8,440,35.8,8,2026-01-08,38.0,4,7.0
202642010804,4,4,バルカロール,2023100182,牝3,54.0,桑村真明,05411,浦和藤原智行,05766,446,14.7,5,2026-01-08,38.0,4,7.0
202642010804,5,5,アクアノート,2023103229,牝3,54.0,本橋孝太,05488,浦和工藤伸輔,05591,433,15.3,6,2026-01-08,38.0,4,7.0
202642010804,5,6,シナノクリスタル,2023101955,牝3,54.0,見越彬央,a02c4,浦和鹿沼良和,05476,452,9.3,4,2026-01-08,38.0,4,7.0
202642010804,6,7,エリナセイコー,2023101442,牝3,54.0,高橋哲也,a017e,浦和水野貴史,05788,447,125.0,10,2026-01-08,38.0,4,7.0
202642010804,6,8,オーデンサフィー,2023102366,牝3,54.0,保園翔也,05553,浦和小澤宏次,a02c8,414,201.4,12,2026-01-08,38.0,4,7.0
202642010804,7,9,サヨノビックアルマ,2023105101,牡3,56.0,西啓太,a02d7,浦和工藤伸輔,05591,442,20.0,7,2026-01-08,38.0,4,7.0
202642010804,7,10,シュウスイマカロン,2023101258,牝3,54.0,室陽一朗,05651,浦和入口由美,a0478,382,128.6,11,2026-01-08,38.0,4,7.0
202642010804,8,11,シンエンコゲツ,2023100243,牝3,54.0,笹川翼,05524,浦和小久保智,05609,417,4.9,3,2026-01-08,38.0,4,7.0
202642010804,8,12,シンメファブル,2023106673,牡3,56.0,福原杏,05595,浦和野口孝,00873,497,3.0,2,2026-01-08,38.0,4,7.0
202642010805,1,1,マケタラアカン,2021103101,牡5,56.0,笠野雄大,a0235,船橋佐々木清,05496,465,53.8,10,2026-01-08,38.0,4,7.0
202642010805,2,2,タマモクロッシェ,2022103980,牝4,54.0,高橋哲也,a017e,浦和水野貴史,05788,438,13.8,4,2026-01-08,38.0,4,7.0
202642010805,3,3,プリヤンカー,2022105627,牝4,52.0,中山遥人,a05d8,浦和小林真治,05462,480,14.8,5,2026-01-08,38.0,4,7.0
202642010805,4,4,シェナクラウン,2020106178,牡6,56.0,岡田大,05348,浦和冨田敏男,a02a5,524,26.0,9,2026-01-08,38.0,4,7.0
202642010805,5,5,トーセンアデレード,2022105662,牝4,54.0,見越彬央,a02c4,浦和小久保智,05609,430,18.6,6,2026-01-08,38.0,4,7.0
202642010805,5,6,ミスレイヴバンプ,2021103783,牝5,54.0,町田直希,05455,浦和繁田健一,a041c,482,3.5,2,2026-01-08,38.0,4,7.0
202642010805,6,7,マルモジーニー,2022102654,牝4,54.0,国分祐仁,a0233,浦和冨田敏男,a02a5,440,122.4,11,2026-01-08,38.0,4,7.0
202642010805,6,8,ナイトダンサー,2022101848,牡4,56.0,室陽一朗,05651,浦和吉田正美,a018c,462,20.0,7,2026-01-08,38.0,4,7.0
202642010805,7,9,レインボーグラン,2022101951,牝4,54.0,赤津和希,05561,浦和酒井一則,a01fe,442,312.8,12,2026-01-08,38.0,4,7.0
202642010805,7,10,シンキングモヒート,2021102103,牡5,56.0,半澤慶実,a01f3,浦和宇野木博,05780,461,24.8,8,2026-01-08,38.0,4,7.0
202642010805,8,11,ルクスリーベン,2021102082,牝5,54.0,張田昂,05549,浦和平山真希,a02a6,420,7.1,3,2026-01-08,38.0,4,7.0
202642010805,8,12,タイプフェイス,2021105091,牝5,54.0,野畑凌,05630,浦和水野貴史,05788,458,2.1,1,2026-01-08,38.0,4,7.0
202642010806,1,1,プリンセスサクラ,2021100714,牝5,54.0,本橋孝太,05488,浦和鹿沼良和,05476,425,5.0,3,2026-01-08,38.0,4,7.0
202642010806,2,2,カラフルフレスコ,2019104240,牝7,54.0,赤津和希,05561,浦和工藤伸輔,05591,459,191.5,11,2026-01-08,38.0,4,7.0
202642010806,3,3,サージ,2022100095,セ4,56.0,野畑凌,05630,浦和宇野木博,05780,542,2.8,1,2026-01-08,38.0,4,7.0
202642010806,4,4,テリオスボス,2021100544,牡5,56.0,臼井健太,05554,船橋佐々木功,05545,519,52.0,8,2026-01-08,38.0,4,7.0
202642010806,5,5,キタノアマポーラ,2021100974,牝5,54.0,笠野雄大,a0235,浦和工藤伸輔,05591,441,30.8,6,2026-01-08,38.0,4,7.0
202642010806,5,6,テンロ,2021100115,牝5,54.0,澤田龍哉,05452,浦和小久保智,05609,490,8.1,5,2026-01-08,38.0,4,7.0
202642010806,6,7,ダンシングエリカ,2021103834,牝5,52.0,中山遥人,a05d8,浦和小林真治,05462,436,6.5,4,2026-01-08,38.0,4,7.0
202642010806,6,8,ノメンターノ,2022106771,牝4,54.0,篠谷葵,05605,船橋坂本昇,05489,430,54.0,9,2026-01-08,38.0,4,7.0
202642010806,7,9,ワイルドウォリアー,2021102582,牡5,56.0,木間塚龍,05607,船橋石井勝男,05647,517,203.8,12,2026-01-08,38.0,4,7.0
202642010806,7,10,ユメデアエタラ,2021100837,牡5,56.0,岡村健司,05562,浦和平山真希,a02a6,470,3.1,2,2026-01-08,38.0,4,7.0
202642010806,8,11,エコロルキナ,2022101341,牝4,54.0,川島正太,05444,船橋新井清重,05681,482,45.9,7,2026-01-08,38.0,4,7.0
202642010806,8,12,ロジドレフォン,2020103227,牡6,55.0,及川烈,05629,浦和藪口一麻,a0236,510,143.3,10,2026-01-08,38.0,4,7.0
202642010807,1,1,アイオンザボール,2022102358,牝4,54.0,福原杏,05595,浦和野口寛仁,05751,458,47.4,8,2026-01-08,38.0,4,7.0
202642010807,2,2,ファイアスター,2021106691,牡5,55.0,及川烈,05629,浦和工藤伸輔,05591,479,15.8,4,2026-01-08,38.0,4,7.0
202642010807,3,3,ソルトミラクル,2022101990,牡4,56.0,半澤慶実,a01f3,浦和宇野木博,05780,470,101.2,11,2026-01-08,38.0,4,7.0
202642010807,4,4,オンサイト,2022100423,牡4,56.0,張田昂,05549,浦和平山真希,a02a6,480,1.3,1,2026-01-08,38.0,4,7.0
202642010807,5,5,コルネイユドール,2022103488,牝4,54.0,小杉亮,a025d,船橋佐々木清,05496,446,90.8,9,2026-01-08,38.0,4,7.0
202642010807,5,6,マイリトルロマンス,2022100475,牝4,54.0,岡村健司,05562,浦和平山真希,a02a6,421,45.7,7,2026-01-08,38.0,4,7.0
202642010807,6,7,ポレポレ,2022106062,牝4,52.0,中山遥人,a05d8,浦和酒井一則,a01fe,404,100.4,10,2026-01-08,38.0,4,7.0
202642010807,6,8,バーンズベリー,2022110025,牡4,56.0,藤本現暉,05590,船橋佐々木功,05545,492,5.2,2,2026-01-08,38.0,4,7.0
202642010807,7,9,ショウナンバージ,2022105880,牝4,54.0,野畑凌,05630,浦和小久保智,05609,430,26.5,5,2026-01-08,38.0,4,7.0
202642010807,7,10,ルミナヴィクター,2022100013,牡4,56.0,見越彬央,a02c4,浦和川島豊,a0253,456,39.5,6,2026-01-08,38.0,4,7.0
202642010807,8,11,リコーミカ,2022102244,牝4,54.0,笹川翼,05524,浦和繁田健一,a041c,486,12.1,3,2026-01-08,38.0,4,7.0
202642010807,8,12,ヒタムキ,2022105295,牝4,54.0,室陽一朗,05651,浦和吉田正美,a018c,451,106.5,12,2026-01-08,38.0,4,7.0
202642010808,1,1,ワンダーリーグ,2022101013,牡4,56.0,赤津和希,05561,浦和鈴木勝文,05231,505,46.2,7,2026-01-08,38.0,4,7.0
202642010808,2,2,キタノブリッジ,2022100733,牝4,54.0,福原杏,05595,浦和平山真希,a02a6,441,12.3,5,2026-01-08,38.0,4,7.0
202642010808,3,3,ミサトレッドダイヤ,2022103710,牝4,54.0,七夕裕次,05611,浦和野口孝,00873,461,155.7,12,2026-01-08,38.0,4,7.0
202642010808,4,4,タカイチフリオーソ,2022106135,牝4,54.0,岡田大,05348,浦和藪口一麻,a0236,420,148.6,11,2026-01-08,38.0,4,7.0
202642010808,5,5,サハラフレイバー,2022103180,セ4,56.0,秋元耕成,05347,浦和繁田健一,a041c,476,3.0,2,2026-01-08,38.0,4,7.0
202642010808,5,6,セレニティ,2022105336,牝4,52.0,中山遥人,a05d8,船橋大津剛,a06bd,368,46.4,8,2026-01-08,38.0,4,7.0
202642010808,6,7,フレンドビーチ,2022100336,牝4,54.0,桑村真明,05411,船橋佐々木功,05545,425,23.5,6,2026-01-08,38.0,4,7.0
202642010808,6,8,ディープオーキッド,2022109009,牡4,56.0,吉留孝司,05397,浦和藪口一麻,a0236,468,72.5,9,2026-01-08,38.0,4,7.0
202642010808,7,9,パワーオブザキング,2022100445,セ4,56.0,見越彬央,a02c4,浦和鹿沼良和,05476,472,3.7,3,2026-01-08,38.0,4,7.0
202642010808,7,10,エンリプリンス,2022107164,牡4,56.0,山口達弥,a01fb,船橋林正人,05436,457,9.8,4,2026-01-08,38.0,4,7.0
202642010808,8,11,ツガノローマン,2022104182,牝4,54.0,篠谷葵,05605,浦和長谷川忍,05779,443,90.3,10,2026-01-08,38.0,4,7.0
202642010808,8,12,トーセンジニアール,2020102472,牡6,56.0,笹川翼,05524,浦和小久保智,05609,466,2.8,1,2026-01-08,38.0,4,7.0
202642010809,1,1,ミラコロピリナ,2023101808,牝3,54.0,西啓太,a02d7,浦和小澤宏次,a02c8,474,25.0,9,2026-01-08,38.0,4,7.0
202642010809,2,2,トゥナシ,2023106159,牝3,54.0,笹川翼,05524,浦和小久保智,05609,451,5.0,2,2026-01-08,38.0,4,7.0
202642010809,3,3,ティーズセラフ,2023104656,牝3,54.0,野畑凌,05630,浦和水野貴史,05788,495,5.1,4,2026-01-08,38.0,4,7.0
202642010809,4,4,キンパツビジン,2023102201,牝3,54.0,櫻井光輔,05563,浦和野口寛仁,05751,444,111.7,12,2026-01-08,38.0,4,7.0
202642010809,4,5,アジアンビジョン,2023101431,牝3,55.0,福原杏,05595,浦和川島豊,a0253,437,6.1,5,2026-01-08,38.0,4,7.0
202642010809,5,6,カラフルロケット,2023100738,牝3,52.0,中山遥人,a05d8,浦和藤原智行,05766,414,76.3,11,2026-01-08,38.0,4,7.0
202642010809,5,7,スルーザミル,2023104115,牝3,54.0,保園翔也,05553,浦和野口寛仁,05751,448,51.2,10,2026-01-08,38.0,4,7.0
202642010809,6,8,ロックシュガー,2023104824,牝3,54.0,秋元耕成,05347,浦和川島豊,a0253,458,5.0,3,2026-01-08,38.0,4,7.0
202642010809,6,9,ユウユウコルネット,2023104037,牝3,54.0,室陽一朗,05651,浦和横山保,a0185,402,21.5,7,2026-01-08,38.0,4,7.0
202642010809,7,10,リュウノパラダイス,2023103028,牝3,54.0,澤田龍哉,05452,浦和川村守男,05651,492,215.2,13,2026-01-08,38.0,4,7.0
202642010809,7,11,ワインチャン,2023100677,牝3,54.0,桑村真明,05411,浦和平山真希,a02a6,464,24.4,8,2026-01-08,38.0,4,7.0
202642010809,8,12,レイナバローズ,2023105469,牝3,54.0,矢野貴之,05380,浦和繁田健一,a041c,436,3.6,1,2026-01-08,38.0,4,7.0
202642010809,8,13,ルトネール,2023105147,牝3,55.0,服部茂史,05286,川崎佐藤博紀,a02ea,456,19.5,6,2026-01-08,38.0,4,7.0
202642010810,1,1,オーシンスキャット,2021100844,牡5,55.0,保園翔也,05553,浦和小久保智,05609,475,6.4,4,2026-01-08,38.0,4,7.0
202642010810,2,2,ケンアトラス,2021100989,牡5,55.0,藤本現暉,05590,浦和繁田健一,a041c,490,2.3,1,2026-01-08,38.0,4,7.0
202642010810,3,3,プリモジョーカー,2017103509,牝9,53.0,室陽一朗,05651,浦和野口孝,00873,482,97.8,8,2026-01-08,38.0,4,7.0
202642010810,4,4,ブルグミューラー,2020101927,牡6,57.0,本田正重,05443,浦和小久保智,05609,487,5.0,3,2026-01-08,38.0,4,7.0
202642010810,5,5,ハグレグモ,2021101330,牡5,55.0,笠野雄大,a0235,浦和平山真希,a02a6,523,45.9,7,2026-01-08,38.0,4,7.0
202642010810,6,6,プリンセスアリー,2021103314,牝5,55.0,七夕裕次,05611,浦和鹿沼良和,05476,435,22.8,6,2026-01-08,38.0,4,7.0
202642010810,7,7,エドノバンザイ,2021103120,牡5,55.0,張田昂,05549,浦和宇野木博,05780,527,9.5,5,2026-01-08,38.0,4,7.0
202642010810,8,8,トノパー,2020101630,牡6,55.0,笹川翼,05524,浦和小久保智,05609,514,3.5,2,2026-01-08,38.0,4,7.0
202642010811,1,1,ハブル,2020101838,牡6,56.0,澤田龍哉,05452,浦和小久保智,05609,486,67.3,9,2026-01-08,38.0,4,7.0
202642010811,2,2,ダイヤモンドビーチ,2020103956,牡6,56.0,本田正重,05443,浦和宇野木博,05780,476,4.1,2,2026-01-08,38.0,4,7.0
202642010811,3,3,ニキ,2021106917,牡5,56.0,新原周馬,05647,浦和野口寛仁,05751,511,65.0,8,2026-01-08,38.0,4,7.0
202642010811,4,4,エニーサンダー,2022107346,牡4,56.0,野畑凌,05630,浦和箕輪武,a01cf,467,72.8,10,2026-01-08,38.0,4,7.0
202642010811,5,5,ビールボーイ,2022107052,牡4,56.0,櫻井光輔,05563,浦和平山真希,a02a6,444,15.3,5,2026-01-08,38.0,4,7.0
202642010811,5,6,ネライウチ,2022101592,セ4,56.0,笠野雄大,a0235,浦和平山真希,a02a6,482,10.9,4,2026-01-08,38.0,4,7.0
202642010811,6,7,ユーロジータビート,2022101982,牡4,56.0,笹川翼,05524,浦和繁田健一,a041c,534,1.5,1,2026-01-08,38.0,4,7.0
202642010811,6,8,マスクドサムライ,2019106784,牡7,56.0,西啓太,a02d7,浦和藤原智行,05766,480,25.4,6,2026-01-08,38.0,4,7.0
202642010811,7,9,モンバイト,2019104988,牡7,56.0,吉留孝司,05397,浦和藪口一麻,a0236,488,180.9,12,2026-01-08,38.0,4,7.0
202642010811,7,10,トーケンクミー,2022102177,牝4,54.0,福原杏,05595,浦和小澤宏次,a02c8,420,126.5,11,2026-01-08,38.0,4,7.0
202642010811,8,11,タロマイスター,2019100025,牡7,56.0,矢野貴之,05380,浦和小久保智,05609,515,9.5,3,2026-01-08,38.0,4,7.0
202642010811,8,12,エレガントジュエリ,2020106937,牝6,54.0,保園翔也,05553,浦和川村守男,05651,421,41.3,7,2026-01-08,38.0,4,7.0
202642010812,1,1,エーヴベリー,2020101970,牝6,53.0,吉留孝司,05397,浦和平山真希,a02a6,506,109.5,10,2026-01-08,38.0,4,7.0
202642010812,2,2,リョウタスペシャル,2020100711,牡6,57.0,福原杏,05595,浦和小澤宏次,a02c8,451,1.7,1,2026-01-08,38.0,4,7.0
202642010812,3,3,レッドゲート,2021107264,牝5,53.0,室陽一朗,05651,浦和水上直人,a06b9,414,27.9,6,2026-01-08,38.0,4,7.0
202642010812,4,4,ロイヤルザップ,2019100886,牡7,57.0,半澤慶実,a01f3,浦和宇野木博,05780,502,36.6,7,2026-01-08,38.0,4,7.0
202642010812,5,5,ハクシンドラゴン,2022106972,セ4,55.0,櫻井光輔,05563,浦和平山真希,a02a6,451,27.7,5,2026-01-08,38.0,4,7.0
202642010812,6,6,スピンディエゴール,2022100066,牡4,55.0,笹川翼,05524,浦和繁田健一,a041c,509,3.7,2,2026-01-08,38.0,4,7.0
202642010812,7,7,マナコル,2022102544,牡4,55.0,桑村真明,05411,浦和藤原智行,05766,507,55.7,8,2026-01-08,38.0,4,7.0
202642010812,7,8,シャンパンファイト,2020100198,牡6,57.0,野畑凌,05630,川崎甲田悟史,a03ec,463,6.8,3,2026-01-08,38.0,4,7.0
202642010812,8,9,ロックフレイバー,2020106834,牡6,55.0,町田直希,05455,浦和繁田健一,a041c,494,7.2,4,2026-01-08,38.0,4,7.0
202642010812,8,10,ベルガラス,2021106262,牡5,55.0,岡村健司,05562,船橋斉藤敏,05648,479,76.6,9,2026-01-08,38.0,4,7.0
202647010801,1,1,モイエンド,2021106015,牡5,57.0,東川慎,05634,笠松後藤正義,a0276,466,19.5,5,2026-01-08,38.0,4,7.0
202647010801,2,2,ショウブウン,2021104944,牡5,57.0,渡辺竜也,05558,笠松後藤佑耶,a034e,528,1.0,1,2026-01-08,38.0,4,7.0
202647010801,3,3,アユ,2020104053,牝6,55.0,藤原幹生,05521,笠松後藤正義,a0276,455,48.8,6,2026-01-08,38.0,4,7.0
202647010801,4,4,サンダーペコ,2021101471,牝5,55.0,黒澤愛斗,05477,笠松加藤幸保,05544,458,98.6,7,2026-01-08,38.0,4,7.0
202647010801,5,5,ラララランランラン,2021100806,牝5,54.0,松本一心,05684,笠松加藤幸保,05544,407,17.6,4,2026-01-08,38.0,4,7.0
202647010801,6,6,シュピラール,2020101461,牡6,57.0,服部大地,a0199,笠松水野善太,05180,526,13.8,3,2026-01-08,38.0,4,7.0
202647010801,7,7,モリノリオン,2021102322,牝5,52.0,井口裕貴,a05fc,笠松藤田正治,05237,417,10.3,2,2026-01-08,38.0,4,7.0
202647010802,1,1,エイシンソロモン,2021102609,牡5,57.0,米倉知,05296,笠松伊藤強一,05076,474,27.8,4,2026-01-08,38.0,4,7.0
202647010802,2,2,ミコノオンガエシ,2022100279,牝4,55.0,塚本征吾,05638,笠松後藤佑耶,a034e,436,1.0,1,2026-01-08,38.0,4,7.0
202647010802,3,3,プケッティ,2021101333,牝5,55.0,黒澤愛斗,05477,笠松加藤幸保,05544,407,43.6,6,2026-01-08,38.0,4,7.0
202647010802,4,4,ダイヤキララ,2021100848,牝5,55.0,塚本涼人,05591,笠松後藤正義,a0276,456,40.1,5,2026-01-08,38.0,4,7.0
202647010802,5,5,クリーンゲーム,2019100030,牡7,57.0,高木健,05226,笠松伊藤強一,05076,437,49.0,7,2026-01-08,38.0,4,7.0
202647010802,6,6,ギンノアラナミ,2021103882,牡5,56.0,松本一心,05684,笠松加藤幸保,05544,498,9.8,2,2026-01-08,38.0,4,7.0
202647010802,7,7,キルザサイレンス,2021100538,牡5,57.0,向山牧,00410,笠松後藤正義,a0276,468,9.9,3,2026-01-08,38.0,4,7.0
202647010803,1,1,バダジェフスカ,2022106590,牝4,55.0,渡辺竜也,05558,笠松笹野博司,05675,484,1.9,1,2026-01-08,38.0,4,7.0
202647010803,2,2,ヴィクターアーク,2020103998,牝6,55.0,塚本征吾,05638,笠松藤田正治,05237,468,92.7,7,2026-01-08,38.0,4,7.0
202647010803,3,3,ヒルノヴィクトリア,2020100211,セ6,57.0,向山牧,00410,笠松後藤正義,a0276,518,65.2,6,2026-01-08,38.0,4,7.0
202647010803,4,4,アイヴカムバック,2020106989,牝6,54.0,松本一心,05684,笠松川嶋弘吉,05066,462,56.4,5,2026-01-08,38.0,4,7.0
202647010803,5,5,ハローニューミー,2022102120,牡4,57.0,丸野勝虎,05053,笠松藤田正治,05237,452,6.3,4,2026-01-08,38.0,4,7.0
202647010803,6,6,ヤナギバネバギバ,2022106508,牡4,57.0,筒井勇介,05408,笠松後藤佑耶,a034e,438,2.9,2,2026-01-08,38.0,4,7.0
202647010803,7,7,モカラルビー,2021103031,牝5,55.0,高木健,05226,笠松笹野博司,05675,425,4.8,3,2026-01-08,38.0,4,7.0
202647010804,1,1,ライジングハース,2022106495,牡4,57.0,向山牧,00410,笠松後藤正義,a0276,500,18.0,5,2026-01-08,38.0,4,7.0
202647010804,2,2,ヤマジュンセーヌ,2020109009,牝6,55.0,魚住謙心,05604,笠松伊藤強一,05076,459,151.0,8,2026-01-08,38.0,4,7.0
202647010804,3,3,アンヘリート,2022103841,牝4,54.0,松本一心,05684,笠松笹野博司,05675,475,2.9,3,2026-01-08,38.0,4,7.0
202647010804,4,4,ビシュウビシュウ,2022100603,牡4,57.0,村上弘樹,a02e0,愛知榎屋充,a03eb,436,2.8,1,2026-01-08,38.0,4,7.0
202647010804,5,5,ウィズフィリップ,2020106403,牡6,57.0,明星晴大,a0571,笠松後藤佑耶,a034e,524,2.8,2,2026-01-08,38.0,4,7.0
202647010804,6,6,ダングラール,2022105288,セ4,57.0,細川智史,05602,笠松栗本陽一,a02e1,452,40.0,7,2026-01-08,38.0,4,7.0
202647010804,7,7,ホクセンキングオー,2020104944,セ6,57.0,東川慎,05634,笠松後藤正義,a0276,458,28.2,6,2026-01-08,38.0,4,7.0
202647010804,8,8,ネクストブレイク,2020100074,牡6,57.0,森島貴之,a027b,笠松加藤幸保,05544,502,12.7,4,2026-01-08,38.0,4,7.0
202647010805,1,1,テクニコス,2022105412,牡4,57.0,明星晴大,a0571,笠松後藤佑耶,a034e,459,5.6,4,2026-01-08,38.0,4,7.0
202647010805,2,2,オーキッドレディ,2021106410,牝5,55.0,筒井勇介,05408,笠松藤田正治,05237,419,5.4,3,2026-01-08,38.0,4,7.0
202647010805,3,3,トーホウビエント,2020101759,牝6,55.0,森島貴之,a027b,笠松川嶋弘吉,05066,444,160.5,8,2026-01-08,38.0,4,7.0
202647010805,4,4,ララエフォール,2019101121,牡7,57.0,塚本征吾,05638,愛知今津博之,05486,513,2.0,1,2026-01-08,38.0,4,7.0
202647010805,5,5,メイショウトレック,2021103355,牡5,57.0,魚住謙心,05604,笠松伊藤強一,05076,455,29.8,6,2026-01-08,38.0,4,7.0
202647010805,6,6,ピエナブリックス,2021101160,牝5,53.0,木之前葵,a02bb,愛知榎屋充,a03eb,483,3.4,2,2026-01-08,38.0,4,7.0
202647010805,7,7,シャンドゥルン,2020106315,牝6,55.0,東川慎,05634,笠松水野善太,05180,463,15.1,5,2026-01-08,38.0,4,7.0
202647010805,8,8,アルマヘクトール,2015103623,牡11,57.0,馬渕繁治,05088,笠松森山英雄,05071,466,79.7,7,2026-01-08,38.0,4,7.0
202647010806,1,1,ニホンピロペリー,2019106426,牡7,57.0,藤原幹生,05521,笠松川嶋弘吉,05066,528,21.6,4,2026-01-08,38.0,4,7.0
202647010806,2,2,ヴァネロペ,2019103970,牝7,55.0,大原浩司,05368,笠松森山広大,a05fb,472,34.4,7,2026-01-08,38.0,4,7.0
202647010806,3,3,ラグーン,2022104384,牝4,55.0,筒井勇介,05408,笠松田口輝彦,05480,435,29.6,6,2026-01-08,38.0,4,7.0
202647010806,4,4,エイシンクァンタム,2022103976,牡4,57.0,渡辺竜也,05558,笠松笹野博司,05675,450,1.5,1,2026-01-08,38.0,4,7.0
202647010806,5,5,ダブルブラック,2021102133,牡5,57.0,塚本征吾,05638,笠松藤田正治,05237,454,25.7,5,2026-01-08,38.0,4,7.0
202647010806,6,6,ジョリーメモリー,2021104072,牡5,57.0,馬渕繁治,05088,笠松森山英雄,05071,455,40.1,8,2026-01-08,38.0,4,7.0
202647010806,7,7,リュクスウォリアー,2017100447,牡9,57.0,丸野勝虎,05053,笠松加藤幸保,05544,530,3.1,2,2026-01-08,38.0,4,7.0
202647010806,8,8,コスモエスメラルダ,2021106785,牝5,53.0,深澤杏花,05637,笠松森山英雄,05071,519,7.9,3,2026-01-08,38.0,4,7.0
202647010807,1,1,ジュンハンス,2019107042,牡7,57.0,大原浩司,05368,笠松川嶋弘吉,05066,473,33.5,5,2026-01-08,38.0,4,7.0
202647010807,2,2,マウンテンピオニー,2021102225,牝5,55.0,塚本征吾,05638,笠松森山広大,a05fb,482,23.9,4,2026-01-08,38.0,4,7.0
202647010807,3,3,マルカアトラス,2019102583,牡7,57.0,渡辺竜也,05558,笠松笹野博司,05675,507,1.6,1,2026-01-08,38.0,4,7.0
202647010807,4,4,サンセットカラー,2021104282,牝5,53.0,深澤杏花,05637,笠松森山英雄,05071,441,6.6,3,2026-01-08,38.0,4,7.0
202647010807,5,5,セルクルクルミ,2018100146,牝8,55.0,高木健,05226,笠松川嶋弘吉,05066,453,47.3,6,2026-01-08,38.0,4,7.0
202647010807,6,6,ハヤイモノガチ,2021102445,牡5,57.0,望月洵輝,05666,笠松大橋敬永,05329,450,2.4,2,2026-01-08,38.0,4,7.0
202647010808,1,1,リオサラ,2021103454,牝5,55.0,筒井勇介,05408,笠松田口輝彦,05480,501,2.0,1,2026-01-08,38.0,4,7.0
202647010808,2,2,トーセンジャック,2018105667,牡8,57.0,米倉知,05296,笠松伊藤強一,05076,518,95.6,6,2026-01-08,38.0,4,7.0
202647010808,3,3,クロッチ,2017105689,セ9,57.0,大原浩司,05368,笠松森山英雄,05071,481,4.0,3,2026-01-08,38.0,4,7.0
202647010808,4,4,レクランスリール,2020101129,牝6,55.0,向山牧,00410,笠松川嶋弘吉,05066,436,14.4,4,2026-01-08,38.0,4,7.0
202647010808,5,5,ナムラスワガー,2018106715,牡8,57.0,明星晴大,a0571,笠松栗本陽一,a02e1,517,37.2,5,2026-01-08,38.0,4,7.0
202647010808,6,6,スカイオージ,2020104733,牡6,57.0,細川智史,05602,笠松後藤佑耶,a034e,541,2.4,2,2026-01-08,38.0,4,7.0
202647010809,1,1,モニュメントキング,2016110086,牡10,57.0,塚本征吾,05638,愛知藤ヶ崎一,05200,515,6.0,4,2026-01-08,38.0,4,7.0
202647010809,2,2,アコー,2021106570,牝5,54.0,細川智史,05602,笠松伊藤強一,05076,510,21.3,5,2026-01-08,38.0,4,7.0
202647010809,3,3,グスタール,2020105757,牡6,58.0,馬渕繁治,05088,笠松森山英雄,05071,--,--,--,2026-01-08,38.0,4,7.0
202647010809,4,4,ゴールウェイガール,2021104552,牝5,54.0,大原浩司,05368,笠松森山英雄,05071,426,56.2,6,2026-01-08,38.0,4,7.0
202647010809,5,5,アルサーフィ,2021101118,牡5,57.0,丸野勝虎,05053,笠松後藤佑耶,a034e,474,2.3,1,2026-01-08,38.0,4,7.0
202647010809,6,6,ミランミラン,2022101526,牡4,57.0,高木健,05226,笠松田口輝彦,05480,488,2.7,2,2026-01-08,38.0,4,7.0
202647010809,7,7,コスモジョセフ,2020105277,牡6,56.0,渡辺竜也,05558,笠松笹野博司,05675,504,4.2,3,2026-01-08,38.0,4,7.0
202647010810,1,1,エイシンジョルト,2021100444,牝5,56.0,塚本征吾,05638,笠松笹野博司,05675,468,4.2,4,2026-01-08,38.0,4,7.0
202647010810,2,2,チュウワスプリング,2020102391,牝6,54.0,丸野勝虎,05053,笠松加藤幸保,05544,447,40.2,5,2026-01-08,38.0,4,7.0
202647010810,3,3,マルカラピッド,2020102776,牝6,55.0,渡辺竜也,05558,笠松笹野博司,05675,483,3.3,2,2026-01-08,38.0,4,7.0
202647010810,4,4,キスリング,2021101514,牝5,55.0,高木健,05226,笠松田口輝彦,05480,489,60.9,7,2026-01-08,38.0,4,7.0
202647010810,5,5,ライフフルスマイル,2022100607,牝4,53.0,細川智史,05602,愛知榎屋充,a03eb,442,40.8,6,2026-01-08,38.0,4,7.0
202647010810,6,6,ファインプリンセス,2021101689,牝5,52.0,松本一心,05684,笠松栗本陽一,a02e1,544,151.3,9,2026-01-08,38.0,4,7.0
202647010810,7,7,カヤドーブラック,2020105702,牝6,54.0,明星晴大,a0571,笠松後藤佑耶,a034e,501,73.5,8,2026-01-08,38.0,4,7.0
202647010810,8,8,ゼロアワー,2022101521,牝4,57.0,筒井勇介,05408,笠松田口輝彦,05480,440,2.6,1,2026-01-08,38.0,4,7.0
202647010810,8,9,ハッピーミーク,2020105678,牝6,54.0,望月洵輝,05666,愛知角田輝也,05242,470,3.9,3,2026-01-08,38.0,4,7.0
202650010801,1,1,アイヅワカマツ,2022105888,牡4,57.0,田野豊三,05544,兵庫尾原強,a01f5,464,54.4,7,2026-01-08,38.0,4,7.0
202650010801,2,2,オメガジェットマン,2021105266,牡5,57.0,竹村達也,05474,兵庫小村正也,a024a,506,118.8,9,2026-01-08,38.0,4,7.0
202650010801,3,3,ハンデンローリエ,2022100761,牝4,51.0,塩津璃菜,05669,兵庫三宅直之,05644,406,113.5,8,2026-01-08,38.0,4,7.0
202650010801,4,4,シェルブールレイン,2021105189,牝5,54.0,高橋愛叶,05671,兵庫田中道夫,05266,514,12.7,3,2026-01-08,38.0,4,7.0
202650010801,5,5,ケイアイマヌカ,2018104442,牡8,57.0,杉浦健太,05530,兵庫平松徳彦,05528,487,14.6,4,2026-01-08,38.0,4,7.0
202650010801,6,6,ワイドイシス,2018103567,牝8,53.0,小谷哲平,a05dd,兵庫溝橋利喜,05268,435,7.3,2,2026-01-08,38.0,4,7.0
202650010801,7,7,インザスカイ,2022104889,牡4,57.0,鴨宮祥行,05597,兵庫栗林徹治,05623,492,1.1,1,2026-01-08,38.0,4,7.0
202650010801,7,8,シュタイナー,2020103423,牡6,57.0,高畑皓一,a0259,兵庫三宅直之,05644,453,36.0,6,2026-01-08,38.0,4,7.0
202650010801,8,9,サイドシュート,2019102818,牝7,55.0,川原正一,00815,兵庫西村守幸,05291,422,137.8,10,2026-01-08,38.0,4,7.0
202650010801,8,10,ウインレヴェランス,2018109078,牡8,55.0,佐々木世,05616,兵庫山元博徳,a0265,537,29.7,5,2026-01-08,38.0,4,7.0
202650010802,1,1,スワニーテソーロ,2019106667,牝7,55.0,高畑皓一,a0259,兵庫茂崎正善,05482,468,67.8,7,2026-01-08,38.0,4,7.0
202650010802,2,2,マイネルトラキア,2022106797,牡4,57.0,竹村達也,05474,兵庫南弘樹,05756,452,22.7,5,2026-01-08,38.0,4,7.0
202650010802,3,3,メイショウバイラン,2017106324,牝9,55.0,大山真吾,05364,兵庫尾原強,a01f5,433,183.7,10,2026-01-08,38.0,4,7.0
202650010802,4,4,ヒマリアン,2021106423,牡5,56.0,高橋愛叶,05671,兵庫野田忍,05478,456,88.3,9,2026-01-08,38.0,4,7.0
202650010802,5,5,テイケイヴィーノ,2020102967,牝6,55.0,大柿一真,05567,兵庫山口浩幸,05466,450,6.4,2,2026-01-08,38.0,4,7.0
202650010802,6,6,グランドフォレスト,2021103651,牡5,57.0,吉村智洋,05390,兵庫長倉功,05590,481,1.2,1,2026-01-08,38.0,4,7.0
202650010802,7,7,ジョイブラック,2020105455,牝6,53.0,小谷哲平,a05dd,兵庫稻田彰宏,05427,408,77.5,8,2026-01-08,38.0,4,7.0
202650010802,7,8,サティンボディス,2020101839,牝6,55.0,鴨宮祥行,05597,兵庫平松徳彦,05528,485,24.7,6,2026-01-08,38.0,4,7.0
202650010802,8,9,ガルバナム,2021105385,牡5,57.0,下原理,05328,兵庫織田誠,a0212,469,10.5,3,2026-01-08,38.0,4,7.0
202650010802,8,10,ユイノオトシアナ,2021104297,牡5,57.0,石堂響,05576,兵庫田村彰啓,a029e,464,22.6,4,2026-01-08,38.0,4,7.0
202650010803,1,1,カイリ,2023101511,牡3,56.0,永井孝典,05681,兵庫藤川純,a0438,465,5.4,4,2026-01-08,38.0,4,7.0
202650010803,2,2,ミノワ,2023100388,牝3,55.0,長谷部駿,05580,兵庫木村健,a0378,422,4.0,2,2026-01-08,38.0,4,7.0
202650010803,3,3,ティアラアスール,2023104828,牝3,55.0,大山龍太,05631,兵庫寺地誠一,a0477,468,55.9,8,2026-01-08,38.0,4,7.0
202650010803,4,4,ブイモンスター,2023100183,牡3,56.0,石堂響,05576,兵庫岡田利一,05352,451,57.7,9,2026-01-08,38.0,4,7.0
202650010803,5,5,ハイパーコール,2023104213,牡3,56.0,大柿一真,05567,兵庫寺地誠一,a0477,429,4.4,3,2026-01-08,38.0,4,7.0
202650010803,5,6,タッタタラリラ,2023105605,牝3,55.0,下原理,05328,兵庫北野真弘,05715,408,73.4,10,2026-01-08,38.0,4,7.0
202650010803,6,7,ミレニアムラヴ,2023105154,牝3,55.0,山本咲希,05545,兵庫長倉功,05590,--,--,--,2026-01-08,38.0,4,7.0
202650010803,6,8,フルリミット,2023104004,牡3,56.0,杉浦健太,05530,兵庫碇清次郎,05435,419,129.2,11,2026-01-08,38.0,4,7.0
202650010803,7,9,ホンキトカイテマジ,2023104178,牡3,56.0,竹村達也,05474,兵庫南弘樹,05756,456,2.6,1,2026-01-08,38.0,4,7.0
202650010803,7,10,マオノサーラ,2023103063,牝3,55.0,廣瀬航,05639,兵庫諏訪貴正,05707,428,19.4,6,2026-01-08,38.0,4,7.0
202650010803,8,11,ノーテンピーカン,2023100219,牡3,56.0,小谷周平,05628,兵庫南弘樹,05756,456,11.2,5,2026-01-08,38.0,4,7.0
202650010803,8,12,サンアンドザムーン,2023100506,牡3,56.0,松木大地,05581,兵庫玉垣光章,a02df,457,45.4,7,2026-01-08,38.0,4,7.0
202650010804,1,1,ミントジュレップ,2021103775,牝5,55.0,渡瀬和幸,05338,兵庫吉見真幸,05777,465,3.1,1,2026-01-08,38.0,4,7.0
202650010804,2,2,トゥーパンクス,2018106085,牡8,57.0,高畑皓一,a0259,兵庫三宅直之,05644,463,93.1,7,2026-01-08,38.0,4,7.0
202650010804,3,3,アンジェラ,2015101318,牝11,55.0,石堂響,05576,兵庫山元博徳,a0265,471,126.0,8,2026-01-08,38.0,4,7.0
202650010804,4,4,ダンスケ,2021106390,牡5,57.0,鴨宮祥行,05597,兵庫北野真弘,05715,498,5.3,4,2026-01-08,38.0,4,7.0
202650010804,5,5,モンシュヴァル,2019104301,牡7,57.0,中田貴士,a024c,兵庫藤川純,a0438,465,4.0,2,2026-01-08,38.0,4,7.0
202650010804,6,6,レゼルノワール,2020104909,牝6,53.0,佐々木世,05616,兵庫中塚猛,05395,441,6.4,5,2026-01-08,38.0,4,7.0
202650010804,7,7,ハッピースパイラル,2019104566,牝7,55.0,川原正一,00815,兵庫西村守幸,05291,458,193.9,9,2026-01-08,38.0,4,7.0
202650010804,7,8,キンショーグローレ,2022106383,牡4,57.0,大柿一真,05567,兵庫岡田利一,05352,494,4.3,3,2026-01-08,38.0,4,7.0
202650010804,8,9,ホウオウシックス,2015105435,牡11,57.0,長谷部駿,05580,兵庫山元博徳,a0265,477,12.7,6,2026-01-08,38.0,4,7.0
202650010804,8,10,ヤマノタンキー,2016103982,セ10,57.0,長尾翼玖,05636,兵庫野田忍,05478,445,259.6,10,2026-01-08,38.0,4,7.0
202650010805,1,1,カネトシクラッチ,2023105186,牡3,56.0,川原正一,00815,兵庫土屋洋之,05700,472,170.2,12,2026-01-08,38.0,4,7.0
202650010805,2,2,スターオブアダム,2023105589,牡3,56.0,小牧太,00894,兵庫保利幸作,a0221,502,3.4,2,2026-01-08,38.0,4,7.0
202650010805,3,3,ベベル,2023103217,牝3,55.0,田野豊三,05544,兵庫西川進也,a03c4,436,32.7,6,2026-01-08,38.0,4,7.0
202650010805,4,4,アサメシマエ,2023102192,牡3,54.0,小谷哲平,a05dd,兵庫田村彰啓,a029e,485,50.3,8,2026-01-08,38.0,4,7.0
202650010805,5,5,プレザンハーバー,2023104026,牡3,56.0,井上幹太,05522,兵庫雑賀伸一,05757,478,34.9,7,2026-01-08,38.0,4,7.0
202650010805,5,6,トランペシア,2023101010,牝3,51.0,塩津璃菜,05669,兵庫長南和宏,05740,451,148.3,11,2026-01-08,38.0,4,7.0
202650010805,6,7,ベラジオフォーカス,2023101213,牡3,56.0,吉村智洋,05390,兵庫坂本和也,05718,524,2.2,1,2026-01-08,38.0,4,7.0
202650010805,6,8,アロハマウロア,2023100537,牝3,55.0,鴨宮祥行,05597,兵庫渡瀬寛彰,05744,459,5.6,3,2026-01-08,38.0,4,7.0
202650010805,7,9,ニシノグラシアス,2023106268,牝3,54.0,新庄海誠,05670,兵庫山口浩幸,05466,480,87.2,10,2026-01-08,38.0,4,7.0
202650010805,7,10,ジョコーソ,2023103023,牝3,55.0,竹村達也,05474,兵庫坂本和也,05718,427,7.4,4,2026-01-08,38.0,4,7.0
202650010805,8,11,ナデシコ,2023102431,牝3,53.0,佐々木世,05616,兵庫小村正也,a024a,410,65.8,9,2026-01-08,38.0,4,7.0
202650010805,8,12,タイガートレイル,2023102532,牡3,56.0,廣瀬航,05639,兵庫保利良平,05774,466,12.8,5,2026-01-08,38.0,4,7.0
202650010806,1,1,ヤシロスマイリー,2022102443,牝4,55.0,山田雄大,05584,兵庫中塚猛,05395,476,58.0,8,2026-01-08,38.0,4,7.0
202650010806,2,2,スマートプレジール,2019106163,牝7,55.0,石堂響,05576,兵庫藤川純,a0438,487,131.5,9,2026-01-08,38.0,4,7.0
202650010806,3,3,マダムレディバグ,2020105978,牝6,55.0,長谷部駿,05580,兵庫平松徳彦,05528,416,5.7,3,2026-01-08,38.0,4,7.0
202650010806,4,4,ハイブリッチライト,2020102113,牡6,57.0,山本咲希,05545,兵庫小牧毅,05639,505,11.7,4,2026-01-08,38.0,4,7.0
202650010806,5,5,プロメトル,2022106621,牝4,55.0,小谷周平,05628,兵庫木村健,a0378,419,195.3,10,2026-01-08,38.0,4,7.0
202650010806,6,6,ビップナージャ,2020100879,牝6,55.0,廣瀬航,05639,兵庫稻田彰宏,05427,447,34.7,7,2026-01-08,38.0,4,7.0
202650010806,7,7,ヴァレスカ,2022106958,牝4,53.0,佐々木世,05616,兵庫永島太郎,05755,385,12.4,5,2026-01-08,38.0,4,7.0
202650010806,7,8,ワンダーカラフル,2020100542,牡6,55.0,小谷哲平,a05dd,兵庫保利良次,05321,512,1.6,1,2026-01-08,38.0,4,7.0
202650010806,8,9,ニシノミニョンヌ,2021100401,牝5,55.0,大柿一真,05567,兵庫山口浩幸,05466,414,22.3,6,2026-01-08,38.0,4,7.0
202650010806,8,10,ヤマニンフィリア,2021106605,牝5,55.0,田野豊三,05544,兵庫松平幸秀,05767,508,5.2,2,2026-01-08,38.0,4,7.0
202650010807,1,1,モノノフノミチ,2021101867,牡5,57.0,廣瀬航,05639,兵庫諏訪貴正,05707,480,4.8,3,2026-01-08,38.0,4,7.0
202650010807,2,2,ウィスピースノー,2021100648,牝5,55.0,小谷周平,05628,兵庫茂崎正善,05482,461,36.5,6,2026-01-08,38.0,4,7.0
202650010807,3,3,カラツノ,2021102817,牡5,57.0,小牧太,00894,兵庫保利幸作,a0221,467,27.4,5,2026-01-08,38.0,4,7.0
202650010807,4,4,エリュシデータ,2019110058,牡7,57.0,高畑皓一,a0259,兵庫黒田隆男,05470,541,92.2,9,2026-01-08,38.0,4,7.0
202650010807,5,5,アザレアドリーム,2022106483,牝4,55.0,土方颯太,05667,兵庫大塚信次,05574,479,72.7,8,2026-01-08,38.0,4,7.0
202650010807,6,6,イッシン,2017110145,牡9,57.0,渡瀬和幸,05338,兵庫新井隆太,a02bf,554,66.0,7,2026-01-08,38.0,4,7.0
202650010807,7,7,ハルヒコ,2018101762,牡8,57.0,永井孝典,05681,兵庫松浦聡志,05760,495,18.7,4,2026-01-08,38.0,4,7.0
202650010807,7,8,インジェクション,2020102417,セ6,57.0,吉村智洋,05390,兵庫大山寿文,05752,491,1.5,1,2026-01-08,38.0,4,7.0
202650010807,8,9,ランドチャーター,2022105152,牡4,57.0,大山真吾,05364,兵庫織田誠,a0212,494,114.2,10,2026-01-08,38.0,4,7.0
202650010807,8,10,レベッカレインボー,2022101069,牝4,55.0,山本咲希,05545,兵庫石橋満,05775,424,4.1,2,2026-01-08,38.0,4,7.0
202650010808,1,1,シャンパングラス,2022104932,牡4,57.0,山本咲希,05545,兵庫橋本忠明,05734,448,108.1,9,2026-01-08,38.0,4,7.0
202650010808,2,2,スマートコマンダー,2017103632,牡9,57.0,長尾翼玖,05636,兵庫山口浩幸,05466,485,41.4,7,2026-01-08,38.0,4,7.0
202650010808,3,3,ウルティマン,2019102036,牡7,55.0,佐々木世,05616,兵庫稻田彰宏,05427,526,121.7,10,2026-01-08,38.0,4,7.0
202650010808,4,4,ラスアルハイマ,2022103760,牝4,55.0,田野豊三,05544,兵庫吉見真幸,05777,478,3.8,2,2026-01-08,38.0,4,7.0
202650010808,5,5,テーオートムソン,2022103210,セ4,57.0,永井孝典,05681,兵庫盛本信春,05702,479,1.7,1,2026-01-08,38.0,4,7.0
202650010808,6,6,トモジャイブ,2022101223,牡4,57.0,川原正一,00815,兵庫森澤友貴,05567,500,5.1,3,2026-01-08,38.0,4,7.0
202650010808,7,7,イエローキャブ,2018106754,牡8,57.0,竹村達也,05474,兵庫徳本慶一,05605,484,10.3,4,2026-01-08,38.0,4,7.0
202650010808,7,8,イヤーズストレイト,2018105101,牝8,55.0,高畑皓一,a0259,兵庫茂崎正善,05482,416,32.2,6,2026-01-08,38.0,4,7.0
202650010808,8,9,ワンノブアス,2021105097,牡5,55.0,小谷哲平,a05dd,兵庫稻田彰宏,05427,430,18.5,5,2026-01-08,38.0,4,7.0
202650010808,8,10,リザンテラ,2022100392,牝4,55.0,山田雄大,05584,兵庫黒田隆男,05470,486,61.1,8,2026-01-08,38.0,4,7.0
202650010809,1,1,ヒロブレイブ,2013102205,牡13,57.0,大山真吾,05364,兵庫三宅直之,05644,475,140.2,9,2026-01-08,38.0,4,7.0
202650010809,2,2,オテンバムスメ,2021103867,牝5,55.0,鴨宮祥行,05597,兵庫大塚信次,05574,456,8.7,5,2026-01-08,38.0,4,7.0
202650010809,3,3,スマートキングダム,2019102528,牡7,57.0,下原理,05328,兵庫永島太郎,05755,505,3.0,1,2026-01-08,38.0,4,7.0
202650010809,4,4,ランボーリープ,2020101311,牡6,58.0,山本屋太,05672,兵庫坂本和也,05718,517,4.2,3,2026-01-08,38.0,4,7.0
202650010809,5,5,サザンブラック,2022101347,牡4,57.0,廣瀬航,05639,兵庫保利良平,05774,493,5.1,4,2026-01-08,38.0,4,7.0
202650010809,6,6,リトルガールブルー,2022105213,牝4,55.0,杉浦健太,05530,兵庫玉垣光章,a02df,477,77.0,8,2026-01-08,38.0,4,7.0
202650010809,7,7,ビロウィダダ,2021103243,牡5,57.0,松木大地,05581,兵庫尾林幸二,a0242,479,233.4,10,2026-01-08,38.0,4,7.0
202650010809,7,8,スーパーアスラーダ,2018103638,セ8,57.0,中田貴士,a024c,兵庫野田忍,05478,524,58.1,7,2026-01-08,38.0,4,7.0
202650010809,8,9,ルヴァロワール,2022106755,牡4,58.0,吉村智洋,05390,兵庫飯田良弘,a02be,537,3.1,2,2026-01-08,38.0,4,7.0
202650010809,8,10,セキセイ,2021106253,牡5,57.0,石堂響,05576,兵庫南弘樹,05756,496,33.1,6,2026-01-08,38.0,4,7.0
202650010810,1,1,ディスクリプション,2022109030,牝4,53.0,佐々木世,05616,兵庫国澤利照,05232,457,95.7,10,2026-01-08,38.0,4,7.0
202650010810,2,2,メイショウコホク,2017106373,セ9,57.0,山本咲希,05545,兵庫松平幸秀,05767,509,21.0,4,2026-01-08,38.0,4,7.0
202650010810,3,3,セッティングサン,2022103445,牡4,58.0,吉村智洋,05390,兵庫柏原誠路,a0220,479,10.0,3,2026-01-08,38.0,4,7.0
202650010810,4,4,モイル,2020107076,牝6,55.0,井上幹太,05522,兵庫保利幸作,a0221,478,124.7,11,2026-01-08,38.0,4,7.0
202650010810,5,5,テーオーニコラス,2021106368,セ5,57.0,松木大地,05581,兵庫諏訪貴正,05707,478,83.7,8,2026-01-08,38.0,4,7.0
202650010810,5,6,タイセイマイウェイ,2021103694,牡5,57.0,石堂響,05576,兵庫大塚信次,05574,508,128.2,12,2026-01-08,38.0,4,7.0
202650010810,6,7,ビナハロン,2019100813,セ7,57.0,下原理,05328,兵庫西川進也,a03c4,466,89.2,9,2026-01-08,38.0,4,7.0
202650010810,6,8,スピリトーゾ,2019106014,牡7,57.0,田野豊三,05544,兵庫松平幸秀,05767,499,23.8,5,2026-01-08,38.0,4,7.0
202650010810,7,9,キングスピカ,2022100711,牡4,57.0,小牧太,00894,兵庫保利良平,05774,496,7.1,2,2026-01-08,38.0,4,7.0
202650010810,7,10,ビナカントー,2020105084,牝6,55.0,長谷部駿,05580,兵庫永島太郎,05755,495,61.9,6,2026-01-08,38.0,4,7.0
202650010810,8,11,アップップ,2022102645,牝4,55.0,山本屋太,05672,兵庫南弘樹,05756,439,81.0,7,2026-01-08,38.0,4,7.0
202650010810,8,12,ベラジオガルフ,2022105294,牡4,58.0,大山龍太,05631,兵庫坂本和也,05718,476,1.1,1,2026-01-08,38.0,4,7.0
202650010811,1,1,フクノフードゥル,2021101307,牝5,56.0,井上幹太,05522,兵庫田中一巧,05768,479,68.3,6,2026-01-08,38.0,4,7.0
202650010811,2,2,ゼンダンスカイ,2021106294,牡5,58.0,下原理,05328,兵庫藤川純,a0438,484,8.8,4,2026-01-08,38.0,4,7.0
202650010811,3,3,ウインディーパレス,2021103476,牡5,58.0,小牧太,00894,兵庫小牧毅,05639,544,1.4,1,2026-01-08,38.0,4,7.0
202650010811,4,4,アシャカデュメ,2021102066,牡5,58.0,川原正一,00815,兵庫森澤友貴,05567,518,4.1,2,2026-01-08,38.0,4,7.0
202650010811,5,5,エスオーライジング,2021102631,牡5,56.0,小谷周平,05628,兵庫溝橋利喜,05268,496,262.8,9,2026-01-08,38.0,4,7.0
202650010811,6,6,プレジールミノル,2018104322,牡8,58.0,山本咲希,05545,兵庫松平幸秀,05767,501,62.3,5,2026-01-08,38.0,4,7.0
202650010811,7,7,ノブノキャット,2021106662,牡5,56.0,板野央,05405,兵庫黒田隆男,05470,427,244.3,8,2026-01-08,38.0,4,7.0
202650010811,7,8,ブエラフェルテ,2020101513,牡6,58.0,鴨宮祥行,05597,兵庫保利良平,05774,442,7.2,3,2026-01-08,38.0,4,7.0
202650010811,8,9,トーセンオリジン,2017104415,牡9,56.0,石堂響,05576,兵庫大塚信次,05574,463,278.6,10,2026-01-08,38.0,4,7.0
202650010811,8,10,サバンナモンキー,2019106622,牡7,56.0,吉村智洋,05390,兵庫土屋洋之,05700,465,92.8,7,2026-01-08,38.0,4,7.0
202650010812,1,1,コッコラーレ,2022107411,牝4,53.0,佐々木世,05616,兵庫保利良平,05774,496,5.5,2,2026-01-08,38.0,4,7.0
202650010812,2,2,クレスコタイシ,2022102727,牡4,57.0,吉村智洋,05390,兵庫玉垣光章,a02df,482,8.8,5,2026-01-08,38.0,4,7.0
202650010812,3,3,ヘイスト,2020100973,牡6,57.0,川原正一,00815,兵庫森澤友貴,05567,478,2.3,1,2026-01-08,38.0,4,7.0
202650010812,4,4,オーサムサンライズ,2020101556,牝6,55.0,井上幹太,05522,兵庫新井隆太,a02bf,438,211.6,12,2026-01-08,38.0,4,7.0
202650010812,5,5,ブリリアドロ,2018103776,牡8,57.0,鴨宮祥行,05597,兵庫栗林徹治,05623,414,6.0,4,2026-01-08,38.0,4,7.0
202650010812,5,6,ミストルティン,2019103090,牡7,57.0,石堂響,05576,兵庫岡田利一,05352,473,73.2,9,2026-01-08,38.0,4,7.0
202650010812,6,7,バクレツマホウ,2020102387,牝6,55.0,永井孝典,05681,兵庫渡瀬寛彰,05744,455,5.6,3,2026-01-08,38.0,4,7.0
202650010812,6,8,サクラトップクロス,2018102210,牡8,57.0,松木大地,05581,兵庫雑賀伸一,05757,450,101.6,10,2026-01-08,38.0,4,7.0
202650010812,7,9,モノノフイエロー,2020105235,牡6,55.0,小谷哲平,a05dd,兵庫田村彰啓,a029e,446,11.8,6,2026-01-08,38.0,4,7.0
202650010812,7,10,アウタースペース,2018100515,牡8,57.0,高畑皓一,a0259,兵庫黒田隆男,05470,449,38.0,8,2026-01-08,38.0,4,7.0
202650010812,8,11,ハングタイム,2018103247,牡8,57.0,竹村達也,05474,兵庫坂本和也,05718,510,20.5,7,2026-01-08,38.0,4,7.0
202650010812,8,12,クレベール,2022102955,牝4,55.0,小谷周平,05628,兵庫西村守幸,05291,465,133.0,11,2026-01-08,38.0,4,7.0
202665010801,1,1,ツガルノニセイ,B202200240,牡4,640.0,村上章,B0003,ばんえい長部幸光,B0026,973,11.4,6,2026-01-08,38.0,4,7.0
202665010801,2,2,ジェイアンナ,B202200041,牝4,620.0,鈴木恵介,B0035,ばんえい今井茂雅,B0004,921,2.5,1,2026-01-08,38.0,4,7.0
202665010801,3,3,マコト,B202100191,牡5,640.0,林康文,B0066,ばんえい大橋和則,B0011,966,36.7,8,2026-01-08,38.0,4,7.0
202665010801,4,4,ホクセイハスゴイ,B202200318,牝4,620.0,中村太陽,B0077,ばんえい小林長吉,B0052,103,22.7,7,2026-01-08,38.0,4,7.0
202665010801,5,5,アショロノチカラ,B202200214,牡4,640.0,長澤幸太,B0056,ばんえい林豊,B0013,927,9.7,4,2026-01-08,38.0,4,7.0
202665010801,6,6,ジェイビアンカ,B202200312,牝4,620.0,西将太,B0064,ばんえい長部幸光,B0026,990,62.9,9,2026-01-08,38.0,4,7.0
202665010801,7,7,スミノマルロク,B202200114,セ4,630.0,船山蔵人,B0054,ばんえい大河原和,B0060,105,3.1,2,2026-01-08,38.0,4,7.0
202665010801,8,8,マスタークィン,B202200090,牝4,620.0,島津新,B0062,ばんえい中島敏博,B0057,933,11.1,5,2026-01-08,38.0,4,7.0
202665010801,8,9,カナデ,B202200173,牝4,620.0,赤塚健仁,B0063,ばんえい岩本利春,B0054,960,5.8,3,2026-01-08,38.0,4,7.0
202665010802,1,1,サクセストップ,B202300033,牝3,500.0,今井千尋,B0068,ばんえい平田義弘,B0016,912,2.2,1,2026-01-08,38.0,4,7.0
202665010802,2,2,トップオブグレイ,B202300248,牡3,530.0,金田利貴,B0067,ばんえい林豊,B0013,824,8.1,4,2026-01-08,38.0,4,7.0
202665010802,3,3,ミスターハマナ,B202300074,牡3,530.0,西将太,B0064,ばんえい大友栄人,B0043,933,35.8,9,2026-01-08,38.0,4,7.0
202665010802,4,4,キタミフクノカミ,B202300025,牡3,520.0,吉田理人,B0116,ばんえい久田守,B0003,828,33.8,8,2026-01-08,38.0,4,7.0
202665010802,5,5,ファーストフジ,B202300346,牡3,530.0,中原蓮,B0076,ばんえい西弘美,B0059,869,8.4,5,2026-01-08,38.0,4,7.0
202665010802,6,6,ホクセイダイアン,B202300145,牝3,510.0,中村太陽,B0077,ばんえい大友栄人,B0043,949,4.0,2,2026-01-08,38.0,4,7.0
202665010802,7,7,アアモンドクロコ,B202300229,牝3,500.0,阿部優哉,B0114,ばんえい村上慎一,B0051,845,16.4,6,2026-01-08,38.0,4,7.0
202665010802,7,8,シラツユ,B202300331,牝3,510.0,村上章,B0003,ばんえい今井茂雅,B0004,869,66.5,10,2026-01-08,38.0,4,7.0
202665010802,8,9,クントクン,B202300379,牡3,530.0,船山蔵人,B0054,ばんえい西邑春夫,B0033,874,19.1,7,2026-01-08,38.0,4,7.0
202665010802,8,10,サカノテイオー,B202300288,牡3,530.0,松本秀克,B0040,ばんえい田上忠夫,B0023,898,7.7,3,2026-01-08,38.0,4,7.0
202665010803,1,1,ガッツダッシュ,B202300097,牡3,540.0,中原蓮,B0076,ばんえい中島敏博,B0057,910,39.4,10,2026-01-08,38.0,4,7.0
202665010803,2,2,サクセスドリーム,B202300173,牝3,520.0,島津新,B0062,ばんえい谷あゆみ,B0056,934,9.3,4,2026-01-08,38.0,4,7.0
202665010803,3,3,ホクセイタカボー,B202300172,牡3,540.0,村上章,B0003,ばんえい長部幸光,B0026,954,31.7,9,2026-01-08,38.0,4,7.0
202665010803,4,4,ブレイクキンホウ,B202300240,牡3,540.0,金田利貴,B0067,ばんえい松井浩文,B0053,948,14.2,6,2026-01-08,38.0,4,7.0
202665010803,5,5,ラブファンタジー,B202300019,牝3,520.0,阿部武臣,B0036,ばんえい坂本東一,B0055,892,6.3,3,2026-01-08,38.0,4,7.0
202665010803,6,6,コトミチャン,B202300296,牝3,520.0,西謙一,B0055,ばんえい金田勇,B0050,817,15.8,7,2026-01-08,38.0,4,7.0
202665010803,7,7,マオノビクトリー,B202300244,牡3,540.0,鈴木恵介,B0035,ばんえい松井浩文,B0053,872,21.9,8,2026-01-08,38.0,4,7.0
202665010803,7,8,ヴィクトワールラン,B202300279,牡3,530.0,阿部優哉,B0114,ばんえい坂本東一,B0055,909,2.7,1,2026-01-08,38.0,4,7.0
202665010803,8,9,シャインサクラ,B202300281,牝3,520.0,船山蔵人,B0054,ばんえい平田義弘,B0016,950,9.5,5,2026-01-08,38.0,4,7.0
202665010803,8,10,ダイコウシン,B202300150,牡3,540.0,西将太,B0064,ばんえい鈴木邦哉,B0018,946,3.5,2,2026-01-08,38.0,4,7.0
202665010804,1,1,ヨシノマイヒメ,B202300213,牝3,520.0,船山蔵人,B0054,ばんえい小林長吉,B0052,890,90.3,10,2026-01-08,38.0,4,7.0
202665010804,2,2,パリスルビー,B202300079,牝3,520.0,島津新,B0062,ばんえい今井茂雅,B0004,996,75.5,9,2026-01-08,38.0,4,7.0
202665010804,3,3,ヒメフウジン,B202300180,牝3,520.0,鈴木恵介,B0035,ばんえい槻舘重人,B0042,960,6.5,3,2026-01-08,38.0,4,7.0
202665010804,4,4,ジェイワールド,B202300096,牡3,540.0,中村太陽,B0077,ばんえい金山明彦,B0046,100,28.1,8,2026-01-08,38.0,4,7.0
202665010804,5,5,プリンセスニコ,B202300334,牝3,520.0,金田利貴,B0067,ばんえい金田勇,B0050,907,13.9,6,2026-01-08,38.0,4,7.0
202665010804,6,6,カイロルーラー,B202300029,牝3,520.0,西将太,B0064,ばんえい西弘美,B0059,876,7.7,4,2026-01-08,38.0,4,7.0
202665010804,7,7,メムロピュア,B202300039,牝3,510.0,阿部優哉,B0114,ばんえい坂本東一,B0055,839,7.9,5,2026-01-08,38.0,4,7.0
202665010804,7,8,ジェイワンダー,B202300138,牡3,530.0,臼杵龍美,B0115,ばんえい松田道明,B0062,953,17.0,7,2026-01-08,38.0,4,7.0
202665010804,8,9,ツガルキンフジ,B202300327,牡3,530.0,今井千尋,B0068,ばんえい長部幸光,B0026,947,2.1,1,2026-01-08,38.0,4,7.0
202665010804,8,10,フジベンケイ,B202300190,牡3,540.0,村上章,B0003,ばんえい田上忠夫,B0023,860,5.3,2,2026-01-08,38.0,4,7.0
202665010805,1,1,アアモンドサン,B202300098,牝3,520.0,阿部優哉,B0114,ばんえい村上慎一,B0051,919,25.1,10,2026-01-08,38.0,4,7.0
202665010805,2,2,タカノアイリス,B202300285,牝3,530.0,西謙一,B0055,ばんえい平田義弘,B0016,101,19.4,9,2026-01-08,38.0,4,7.0
202665010805,3,3,パワークレオパトラ,B202300307,牝3,520.0,今井千尋,B0068,ばんえい小林長吉,B0052,895,10.8,6,2026-01-08,38.0,4,7.0
202665010805,4,4,イワキマッシグラ,B202300373,牡3,550.0,赤塚健仁,B0063,ばんえい村上慎一,B0051,957,3.2,1,2026-01-08,38.0,4,7.0
202665010805,5,5,サクセスオーショウ,B202300176,牡3,550.0,金田利貴,B0067,ばんえい平田義弘,B0016,891,12.0,7,2026-01-08,38.0,4,7.0
202665010805,6,6,イワキハルヒメ,B202300199,牝3,530.0,中原蓮,B0076,ばんえい大河原和,B0060,878,10.2,5,2026-01-08,38.0,4,7.0
202665010805,7,7,スーパーサンセイ,B202300161,牡3,550.0,鈴木恵介,B0035,ばんえい長部幸光,B0026,100,4.0,2,2026-01-08,38.0,4,7.0
202665010805,7,8,トキメキクイーン,B202300062,牝3,530.0,阿部武臣,B0036,ばんえい坂本東一,B0055,896,8.3,4,2026-01-08,38.0,4,7.0
202665010805,8,9,ツカサキング,B200500155,牡3,550.0,島津新,B0062,ばんえい大河原和,B0060,960,18.8,8,2026-01-08,38.0,4,7.0
202665010805,8,10,ホクセイノチカラ,B202300311,牡3,550.0,西将太,B0064,ばんえい平田義弘,B0016,101,6.5,3,2026-01-08,38.0,4,7.0
202665010806,1,1,イワキライジン,B202200253,牡4,650.0,長澤幸太,B0056,ばんえい槻舘重人,B0042,109,25.0,6,2026-01-08,38.0,4,7.0
202665010806,2,2,イッタカミタカ,B202100331,牡5,650.0,渡来心路,B0060,ばんえい大河原和,B0060,975,25.8,7,2026-01-08,38.0,4,7.0
202665010806,3,3,チキサニ,B202100022,牝5,620.0,今井千尋,B0068,ばんえい槻舘重人,B0042,101,3.4,2,2026-01-08,38.0,4,7.0
202665010806,4,4,オシャレワアシモト,B202100238,牝5,630.0,大友一馬,B0070,ばんえい服部義幸,B0002,995,88.5,9,2026-01-08,38.0,4,7.0
202665010806,5,5,ジェイメジャー,B202100303,牡5,650.0,西謙一,B0055,ばんえい西邑春夫,B0033,941,4.3,3,2026-01-08,38.0,4,7.0
202665010806,6,6,ライデンサマー,B202100166,牡5,650.0,船山蔵人,B0054,ばんえい鈴木邦哉,B0018,110,3.1,1,2026-01-08,38.0,4,7.0
202665010806,7,7,アッソウオトメ,B202100288,牝5,630.0,村上章,B0003,ばんえい平田義弘,B0016,100,34.5,8,2026-01-08,38.0,4,7.0
202665010806,8,8,クリスタルクイーン,B202100259,牝5,630.0,松本秀克,B0040,ばんえい田上忠夫,B0023,971,8.5,5,2026-01-08,38.0,4,7.0
202665010806,8,9,ミホノホース,B202100363,牝5,630.0,中村太陽,B0077,ばんえい大橋和則,B0011,100,5.5,4,2026-01-08,38.0,4,7.0
202665010807,1,1,ドラゴンブライアン,B202200081,牡4,650.0,渡来心路,B0060,ばんえい松井浩文,B0053,957,75.4,9,2026-01-08,38.0,4,7.0
202665010807,2,2,ヤマノトップ,B202200243,牡4,650.0,中村太陽,B0077,ばんえい久田守,B0003,103,6.6,3,2026-01-08,38.0,4,7.0
202665010807,3,3,ミスベンティ,B202200016,牝4,630.0,長澤幸太,B0056,ばんえい服部義幸,B0002,969,40.9,7,2026-01-08,38.0,4,7.0
202665010807,4,4,コトブキクィーン,B202200042,牝4,620.0,臼杵龍美,B0115,ばんえい槻舘重人,B0042,930,49.8,8,2026-01-08,38.0,4,7.0
202665010807,5,5,マツサンブラック,B202200259,牝4,620.0,阿部優哉,B0114,ばんえい槻舘重人,B0042,989,9.7,4,2026-01-08,38.0,4,7.0
202665010807,6,6,ディフェンダー,B202200296,牝4,630.0,鈴木恵介,B0035,ばんえい服部義幸,B0002,106,1.9,1,2026-01-08,38.0,4,7.0
202665010807,7,7,ツルイミツサクラ,B202200182,牝4,620.0,吉田理人,B0116,ばんえい大河原和,B0060,100,2.9,2,2026-01-08,38.0,4,7.0
202665010807,7,8,イチマツ,B202200269,牡4,640.0,今井千尋,B0068,ばんえい大河原和,B0060,103,32.5,6,2026-01-08,38.0,4,7.0
202665010807,8,9,トップトレジャー,B202200237,牡4,650.0,大友一馬,B0070,ばんえい長部幸光,B0026,108,20.8,5,2026-01-08,38.0,4,7.0
202665010807,8,10,ブラックバカラ,B202200023,牝4,630.0,西謙一,B0055,ばんえい西弘美,B0059,988,79.3,10,2026-01-08,38.0,4,7.0
202665010808,1,1,ソウゾウノツバサ,B202300066,牡3,560.0,西将太,B0064,ばんえい大橋和則,B0011,925,9.1,5,2026-01-08,38.0,4,7.0
202665010808,2,2,ミスキャップ,B202300315,牝3,540.0,赤塚健仁,B0063,ばんえい久田守,B0003,954,8.8,4,2026-01-08,38.0,4,7.0
202665010808,3,3,ツガルファイター,B202300086,牝3,530.0,吉田理人,B0116,ばんえい久田守,B0003,896,5.5,3,2026-01-08,38.0,4,7.0
202665010808,4,4,ホクトノユメ,B202300220,牡3,560.0,島津新,B0062,ばんえい長部幸光,B0026,101,2.3,1,2026-01-08,38.0,4,7.0
202665010808,5,5,キタサカエミーナ,B202300301,牝3,530.0,阿部優哉,B0114,ばんえい松井浩文,B0053,909,58.2,9,2026-01-08,38.0,4,7.0
202665010808,6,6,アサヒパレス,B202300344,牡3,560.0,中村太陽,B0077,ばんえい今井茂雅,B0004,957,26.2,7,2026-01-08,38.0,4,7.0
202665010808,7,7,ミライニツヅケ,B202300153,牡3,550.0,今井千尋,B0068,ばんえい鈴木邦哉,B0018,997,15.4,6,2026-01-08,38.0,4,7.0
202665010808,8,8,クリスタルプライド,B202300095,牝3,540.0,金田利貴,B0067,ばんえい金田勇,B0050,910,3.5,2,2026-01-08,38.0,4,7.0
202665010808,8,9,ジェイノウンカイ,B202300072,牡3,560.0,西謙一,B0055,ばんえい平田義弘,B0016,937,50.4,8,2026-01-08,38.0,4,7.0
202665010809,1,1,コーワホープ,B202000093,牡6,690.0,西謙一,B0055,ばんえい松井浩文,B0053,988,94.5,9,2026-01-08,38.0,4,7.0
202665010809,2,2,クリスタルホーク,B201900324,牡7,690.0,島津新,B0062,ばんえい岩本利春,B0054,100,8.5,5,2026-01-08,38.0,4,7.0
202665010809,3,3,アルジャンノオー,B201800179,牡8,690.0,西将太,B0064,ばんえい松井浩文,B0053,113,16.2,7,2026-01-08,38.0,4,7.0
202665010809,4,4,テッチャン,B201900342,牡7,700.0,鈴木恵介,B0035,ばんえい岩本利春,B0054,106,7.2,3,2026-01-08,38.0,4,7.0
202665010809,5,5,サカノテンリュウ,B201900068,牡7,690.0,船山蔵人,B0054,ばんえい村上慎一,B0051,111,7.1,2,2026-01-08,38.0,4,7.0
202665010809,6,6,コマサンタカラ,B201800247,牡8,690.0,金田利貴,B0067,ばんえい金田勇,B0050,103,22.0,8,2026-01-08,38.0,4,7.0
202665010809,7,7,ウチュウジン,B201800265,牡8,690.0,長澤幸太,B0056,ばんえい大河原和,B0060,996,1.9,1,2026-01-08,38.0,4,7.0
202665010809,8,8,ジェイホースワン,B201900331,牡7,690.0,阿部優哉,B0114,ばんえい坂本東一,B0055,109,9.5,6,2026-01-08,38.0,4,7.0
202665010809,8,9,タカラウンカイ,B201600034,牡10,690.0,渡来心路,B0060,ばんえい中島敏博,B0057,108,7.9,4,2026-01-08,38.0,4,7.0
202665010810,1,1,アシュラダイマオー,B202000063,牡6,700.0,西将太,B0064,ばんえい松井浩文,B0053,116,5.6,3,2026-01-08,38.0,4,7.0
202665010810,2,2,キタノミネ,B202000257,牡6,700.0,村上章,B0003,ばんえい槻舘重人,B0042,111,22.2,6,2026-01-08,38.0,4,7.0
202665010810,3,3,ダイリンファイター,B201600173,牡10,710.0,赤塚健仁,B0063,ばんえい小林長吉,B0052,117,81.7,8,2026-01-08,38.0,4,7.0
202665010810,4,4,ブラックサファイア,B201700056,牡9,710.0,渡来心路,B0060,ばんえい平田義弘,B0016,119,7.0,4,2026-01-08,38.0,4,7.0
202665010810,5,5,ゴールデンペガサス,B201700107,牡9,700.0,大友一馬,B0070,ばんえい大友栄人,B0043,112,25.5,7,2026-01-08,38.0,4,7.0
202665010810,6,6,マルホンリョウダイ,B201800315,牡8,710.0,金田利貴,B0067,ばんえい金田勇,B0050,105,2.1,1,2026-01-08,38.0,4,7.0
202665010810,7,7,ギンジ,B201700244,牡9,710.0,西謙一,B0055,ばんえい久田守,B0003,114,13.0,5,2026-01-08,38.0,4,7.0
202665010810,8,8,サクラヤマト,B202000258,牡6,690.0,今井千尋,B0068,ばんえい金山明彦,B0046,108,3.4,2,2026-01-08,38.0,4,7.0
202665010811,1,1,ローランド,B202000188,牡6,760.0,村上章,B0003,ばんえい槻舘重人,B0042,111,6.9,3,2026-01-08,38.0,4,7.0
202665010811,2,2,ダイヤカツヒメ,B201900338,牝7,735.0,赤塚健仁,B0063,ばんえい久田守,B0003,103,24.4,5,2026-01-08,38.0,4,7.0
202665010811,3,3,ヤマノコーネル,B201900107,牡7,750.0,中村太陽,B0077,ばんえい今井茂雅,B0004,109,74.0,9,2026-01-08,38.0,4,7.0
202665010811,4,4,シンエイアロイ,B201900328,牝7,735.0,渡来心路,B0060,ばんえい久田守,B0003,109,36.5,7,2026-01-08,38.0,4,7.0
202665010811,5,5,ヤマカツエース,B201900353,牡7,755.0,島津新,B0062,ばんえい金田勇,B0050,105,6.7,2,2026-01-08,38.0,4,7.0
202665010811,6,6,オーシャンウイナー,B201800215,牡8,755.0,金田利貴,B0067,ばんえい中島敏博,B0057,108,11.7,4,2026-01-08,38.0,4,7.0
202665010811,7,7,マルホンリョウユウ,B202000251,牡6,750.0,長澤幸太,B0056,ばんえい金田勇,B0050,117,55.3,8,2026-01-08,38.0,4,7.0
202665010811,8,8,ツガルノヒロイモノ,B201900110,牡7,760.0,鈴木恵介,B0035,ばんえい長部幸光,B0026,113,1.3,1,2026-01-08,38.0,4,7.0
202665010811,8,9,コマサンブラック,B201600065,牡10,750.0,中原蓮,B0076,ばんえい金田勇,B0050,113,26.5,6,2026-01-08,38.0,4,7.0
202665010812,1,1,ジェイホースサン,B202100081,牡5,670.0,渡来心路,B0060,ばんえい松田道明,B0062,109,11.4,5,2026-01-08,38.0,4,7.0
202665010812,2,2,ホクセイテンリュウ,B202200103,牡4,665.0,鈴木恵介,B0035,ばんえい今井茂雅,B0004,108,2.4,1,2026-01-08,38.0,4,7.0
202665010812,3,3,パワフルクィーン,B202200013,牝4,645.0,赤塚健仁,B0063,ばんえい岩本利春,B0054,100,23.9,7,2026-01-08,38.0,4,7.0
202665010812,4,4,サカノヒメリュウ,B202100378,牝5,650.0,松本秀克,B0040,ばんえい田上忠夫,B0023,108,62.4,9,2026-01-08,38.0,4,7.0
202665010812,5,5,イワキエンジェル,B202100258,牝5,650.0,中村太陽,B0077,ばんえい谷あゆみ,B0056,983,6.0,3,2026-01-08,38.0,4,7.0
202665010812,6,6,オオネガイキンヒメ,B202100070,牝5,650.0,村上章,B0003,ばんえい岩本利春,B0054,112,21.2,6,2026-01-08,38.0,4,7.0
202665010812,7,7,ヤマトゴゼン,B202100397,牝5,650.0,島津新,B0062,ばんえい谷あゆみ,B0056,101,68.5,10,2026-01-08,38.0,4,7.0
202665010812,7,8,ガーネット,B202100334,牝5,645.0,今井千尋,B0068,ばんえい谷あゆみ,B0056,100,3.4,2,2026-01-08,38.0,4,7.0
202665010812,8,9,ハゴロモユニバース,B202000040,牝6,650.0,西謙一,B0055,ばんえい大友栄人,B0043,100,29.6,8,2026-01-08,38.0,4,7.0
202665010812,8,10,タカシオ,B202200176,牡4,660.0,大友一馬,B0070,ばんえい大友栄人,B0043,102,6.7,4,2026-01-08,38.0,4,7.0
