race_id,bracket_number,horse_number,horse_name,horse_id,gender_age,weight_dist,jockey_name,jockey_id,trainer_name,trainer_id,horse_weight,odds_win,popularity,recent_3_avg_speed,last_race_position,recent_form_score,race_date,odds
202606010401,1,1,アレキサンダーサン,2023100810,牡3,54.0,▲上里,01217,美浦伊坂,01177,,---.-,**,0.0,0.0,0.0,2026-01-11,10.0
202606010401,1,2,ガクエンテンゴク,2023109088,牡3,57.0,野中,01158,美浦根本,01029,,---.-,**,0.0,0.0,0.0,2026-01-11,10.0
202606010401,2,3,ケンブリッジルプス,2023101688,牡3,57.0,岩部,00726,美浦萱野,01024,,---.-,**,0.0,0.0,0.0,2026-01-11,10.0
202606010401,2,4,アンプイットアップ,2023101146,牡3,57.0,丹内,01091,美浦岩戸,01051,,---.-,**,0.0,0.0,0.0,2026-01-11,10.0
202606010401,3,5,タイキプレジール,2023102182,牡3,57.0,石橋脩,01077,美浦矢野,01108,,---.-,**,0.0,0.0,0.0,2026-01-11,10.0
202606010401,3,6,ゼファーテソーロ,2023102007,牡3,57.0,戸崎圭,05386,美浦栗田,01127,,---.-,**,0.0,0.0,0.0,2026-01-11,10.0
202606010401,4,7,キッショウダラニ,2023106095,牡3,57.0,木幡巧,01162,美浦牧,01106,,---.-,**,0.0,0.0,0.0,2026-01-11,10.0
202606010401,4,8,サンマルフォース,2023101647,牡3,57.0,大野,01096,美浦和田勇,01165,,---.-,**,0.0,0.0,0.0,2026-01-11,10.0
202606010401,5,9,マインセーラ,2023102305,牝3,55.0,柴田大,01009,美浦的場,01063,,---.-,**,0.0,0.0,0.0,2026-01-11,10.0
202606010401,5,10,ショウナンタヅナ,2023100531,牡3,57.0,荻野極,01160,美浦武市,01089,,---.-,**,0.0,0.0,0.0,2026-01-11,10.0
202606010401,6,11,トウシンライオット,2023103088,牡3,54.0,▲舟山,01221,美浦尾形,01141,,---.-,**,0.0,0.0,0.0,2026-01-11,10.0
202606010401,6,12,ユキノサイエンス,2023103256,牝3,55.0,北村宏,01043,美浦小野,01125,,---.-,**,0.0,0.0,0.0,2026-01-11,10.0
202606010401,7,13,サリーアン,2023100789,牡3,57.0,黛,01109,美浦鈴木伸,01026,,---.-,**,0.0,0.0,0.0,2026-01-11,10.0
202606010401,7,14,スラッシュコード,2023101448,牡3,54.0,▲佐藤,01207,美浦伊藤圭,01023,,---.-,**,0.0,0.0,0.0,2026-01-11,10.0
202606010401,8,15,モーニングダリア,2023100348,牝3,51.0,★谷原,01219,美浦土田,00417,,---.-,**,0.0,0.0,0.0,2026-01-11,10.0
202606010401,8,16,タマリスペクト,2023101007,牡3,57.0,横山琉,01192,美浦相沢,01020,,---.-,**,0.0,0.0,0.0,2026-01-11,10.0
202606010402,1,1,シシリアンキッス,2023104616,牝3,55.0,菊沢,01161,美浦佐藤吉,01035,,---.-,**,0.0,0.0,0.0,2026-01-11,10.0
202606010402,1,2,ニケフェリーチェ,2023102935,牝3,55.0,柴田大,01009,美浦菊川,01052,,---.-,**,0.0,0.0,0.0,2026-01-11,10.0
202606010402,2,3,プレイメイカー,2023101165,牝3,55.0,横山武,01170,美浦栗田,01127,,---.-,**,0.0,0.0,0.0,2026-01-11,10.0
202606010402,2,4,アイアンパイク,2023102633,牝3,55.0,横山典,00660,美浦村田,01190,,---.-,**,0.0,0.0,0.0,2026-01-11,10.0
202606010402,3,5,トリエンナーレ,2023103779,牝3,55.0,荻野極,01160,美浦森一,01201,,---.-,**,0.0,0.0,0.0,2026-01-11,10.0
202606010402,3,6,アッシズオブローズ,2023107360,牝3,55.0,ルメール,05339,美浦尾関,01103,,---.-,**,0.0,0.0,0.0,2026-01-11,10.0
202606010402,4,7,プリンセスダーコ,2023109055,牝3,55.0,原,01184,美浦清水英,01080,,---.-,**,0.0,0.0,0.0,2026-01-11,10.0
202606010402,4,8,アルティオーラ,2023104962,牝3,55.0,小林脩,01183,美浦浅利,01204,,---.-,**,0.0,0.0,0.0,2026-01-11,10.0
202606010402,5,9,ピンクサウスポー,2023107488,牝3,55.0,石橋脩,01077,美浦勢司,01047,,---.-,**,0.0,0.0,0.0,2026-01-11,10.0
202606010402,5,10,ビーチイン,2023105830,牝3,55.0,丹内,01091,美浦和田勇,01165,,---.-,**,0.0,0.0,0.0,2026-01-11,10.0
202606010402,6,11,クイーンズホリデー,2023100941,牝3,52.0,▲舟山,01221,美浦林,01163,,---.-,**,0.0,0.0,0.0,2026-01-11,10.0
202606010402,6,12,イデアクリスタル,2023102033,牝3,55.0,横山和,01140,美浦小西,00405,,---.-,**,0.0,0.0,0.0,2026-01-11,10.0
202606010402,7,13,ノーブルクラウド,2023103069,牝3,55.0,西村淳,01171,美浦久保田,01067,,---.-,**,0.0,0.0,0.0,2026-01-11,10.0
202606010402,7,14,アスパラゴ,2023100332,牝3,55.0,江田照,00689,美浦田村,01027,,---.-,**,0.0,0.0,0.0,2026-01-11,10.0
202606010402,8,15,ライヴマルガリータ,2023101046,牝3,55.0,木幡巧,01162,美浦牧,01106,,---.-,**,0.0,0.0,0.0,2026-01-11,10.0
202606010402,8,16,ペカリーナ,2023106578,牝3,55.0,木幡初,01153,美浦竹内,01152,,---.-,**,0.0,0.0,0.0,2026-01-11,10.0
202606010403,1,1,ハッピーカーン,2023101928,牡3,57.0,木幡育,01167,美浦松永康,01093,,---.-,**,0.0,0.0,0.0,2026-01-11,10.0
202606010403,1,2,ゴットタレント,2023100377,牡3,57.0,杉原,01135,美浦田村,01027,,---.-,**,0.0,0.0,0.0,2026-01-11,10.0
202606010403,2,3,アイアムアッパレ,2023102893,牡3,57.0,柴田善,00641,美浦奥平,01074,,---.-,**,0.0,0.0,0.0,2026-01-11,10.0
202606010403,2,4,セイウォリアー,2023104812,牡3,54.0,▲舟山,01221,美浦古賀,01079,,---.-,**,0.0,0.0,0.0,2026-01-11,10.0
202606010403,3,5,ネイティヴプライド,2023105319,牡3,57.0,菅原明,01179,美浦高木,01088,,---.-,**,0.0,0.0,0.0,2026-01-11,10.0
202606010403,3,6,ホワイトナイル,2023110047,牡3,57.0,木幡巧,01162,美浦牧,01106,,---.-,**,0.0,0.0,0.0,2026-01-11,10.0
202606010403,4,7,ミスターキャンベラ,2023101813,牡3,57.0,戸崎圭,05386,美浦稲垣,01167,,---.-,**,0.0,0.0,0.0,2026-01-11,10.0
202606010403,4,8,ヤマメイッカ,2023103360,牡3,57.0,佐々木,01197,美浦久保田,01067,,---.-,**,0.0,0.0,0.0,2026-01-11,10.0
202606010403,5,9,ルアグロール,2023101699,牡3,57.0,小林脩,01183,美浦嘉藤,01195,,---.-,**,0.0,0.0,0.0,2026-01-11,10.0
202606010403,5,10,ハンドフル,2023104963,牡3,57.0,内田博,00422,美浦田中勝,01207,,---.-,**,0.0,0.0,0.0,2026-01-11,10.0
202606010403,6,11,サルサブラヴァ,2023103778,牡3,57.0,原,01184,美浦奥村武,01145,,---.-,**,0.0,0.0,0.0,2026-01-11,10.0
202606010403,6,12,チェイサー,2023104603,牡3,57.0,横山琉,01192,美浦相沢,01020,,---.-,**,0.0,0.0,0.0,2026-01-11,10.0
202606010403,7,13,メイクイット,2023110011,牝3,55.0,酒井,01034,美浦土田,00417,,---.-,**,0.0,0.0,0.0,2026-01-11,10.0
202606010403,7,14,アルファシーナ,2023104572,牡3,54.0,▲遠藤,01218,美浦伊藤伸,01031,,---.-,**,0.0,0.0,0.0,2026-01-11,10.0
202606010403,8,15,ショコラキュイ,2023102841,牡3,57.0,三浦,01122,美浦森一,01201,,---.-,**,0.0,0.0,0.0,2026-01-11,10.0
202606010403,8,16,ファイタージェット,2023101114,牡3,57.0,津村,01092,美浦林,01163,,---.-,**,0.0,0.0,0.0,2026-01-11,10.0
202606010404,1,1,エコロシード,2023110104,牡3,57.0,佐々木,01197,美浦堀,01070,,---.-,**,0.0,0.0,0.0,2026-01-11,10.0
202606010404,1,2,レッドスティンガー,2023106619,牡3,57.0,戸崎圭,05386,美浦矢嶋,01202,,---.-,**,0.0,0.0,0.0,2026-01-11,10.0
202606010404,2,3,レディサン,2023104852,牝3,52.0,▲小林美,01206,美浦栗田,01127,,---.-,**,0.0,0.0,0.0,2026-01-11,10.0
202606010404,2,4,モンサンゴールデン,2023104044,牡3,55.0,△柴田裕,01212,栗東中竹,01039,,---.-,**,0.0,0.0,0.0,2026-01-11,10.0
202606010404,3,5,ジャレッド,2023107538,牡3,57.0,酒井,01034,栗東秋山,01212,,---.-,**,0.0,0.0,0.0,2026-01-11,10.0
202606010404,3,6,ヴェネチアンキング,2023103320,牡3,57.0,丹内,01091,美浦伊藤圭,01023,,---.-,**,0.0,0.0,0.0,2026-01-11,10.0
202606010404,4,7,シーグルロス,2023100214,牝3,52.0,▲石田,01203,美浦尾形,01141,,---.-,**,0.0,0.0,0.0,2026-01-11,10.0
202606010404,4,8,アンティミスト,2023110007,牡3,57.0,横山武,01170,美浦鈴木伸,01026,,---.-,**,0.0,0.0,0.0,2026-01-11,10.0
202606010404,5,9,ビップムーラン,2023100095,牝3,55.0,大野,01096,美浦田島,01112,,---.-,**,0.0,0.0,0.0,2026-01-11,10.0
202606010404,5,10,ピュール,2023105784,牡3,57.0,木幡巧,01162,美浦久保田,01067,,---.-,**,0.0,0.0,0.0,2026-01-11,10.0
202606010404,6,11,ドナシェーン,2023110051,牝3,55.0,荻野極,01160,美浦栗田,01127,,---.-,**,0.0,0.0,0.0,2026-01-11,10.0
202606010404,6,12,アパタイトテソーロ,2023106739,牝3,55.0,原,01184,美浦畠山,01048,,---.-,**,0.0,0.0,0.0,2026-01-11,10.0
202606010404,7,13,ルクスポップスター,2023102767,牡3,57.0,三浦,01122,栗東西園翔,01196,,---.-,**,0.0,0.0,0.0,2026-01-11,10.0
202606010404,7,14,ナオミライトニング,2023101847,牝3,55.0,西村淳,01171,栗東矢作,01075,,---.-,**,0.0,0.0,0.0,2026-01-11,10.0
202606010404,8,15,セイウンアインス,2023106256,牝3,55.0,武藤,01169,美浦武藤,01064,,---.-,**,0.0,0.0,0.0,2026-01-11,10.0
202606010404,8,16,ジェラートキティ,2023101084,牝3,52.0,▲舟山,01221,美浦嘉藤,01195,,---.-,**,0.0,0.0,0.0,2026-01-11,10.0
202606010405,1,1,キョウエイアート,2023109080,牡3,57.0,原,01184,美浦萱野,01024,,---.-,**,0.0,0.0,0.0,2026-01-11,10.0
202606010405,1,2,エスシービクトリア,2023101793,牡3,54.0,▲遠藤,01218,美浦村田,01190,,---.-,**,0.0,0.0,0.0,2026-01-11,10.0
202606010405,2,3,パワポケグッド,2023106198,牡3,57.0,小林凌,01177,美浦大和田,01124,,---.-,**,0.0,0.0,0.0,2026-01-11,10.0
202606010405,2,4,ミリオンヴォイス,2023100131,牡3,57.0,丹内,01091,美浦加藤士,01169,,---.-,**,0.0,0.0,0.0,2026-01-11,10.0
202606010405,3,5,モウレツ,2023109064,牡3,57.0,原田和,01143,美浦蛯名利,01131,,---.-,**,0.0,0.0,0.0,2026-01-11,10.0
202606010405,3,6,サクセスゴールド,2023106691,牡3,57.0,田辺,01075,美浦久保田,01067,,---.-,**,0.0,0.0,0.0,2026-01-11,10.0
202606010405,4,7,グラムエッジ,2023107305,牡3,57.0,石川,01150,美浦手塚久,01038,,---.-,**,0.0,0.0,0.0,2026-01-11,10.0
202606010405,4,8,サクラピアチェーレ,2023102870,セ3,57.0,大野,01096,美浦高柳瑞,01118,,---.-,**,0.0,0.0,0.0,2026-01-11,10.0
202606010405,5,9,サトノフェンサー,2023103157,牡3,57.0,三浦,01122,美浦高柳瑞,01118,,---.-,**,0.0,0.0,0.0,2026-01-11,10.0
202606010405,5,10,ホウオウファミリー,2023105322,牡3,57.0,戸崎圭,05386,美浦田中博,01162,,---.-,**,0.0,0.0,0.0,2026-01-11,10.0
202606010405,6,11,リクスダラー,2023103768,牡3,57.0,荻野極,01160,美浦上原佑,01192,,---.-,**,0.0,0.0,0.0,2026-01-11,10.0
202606010405,6,12,グランドタルマエ,2023105076,牡3,57.0,横山琉,01192,美浦相沢,01020,,---.-,**,0.0,0.0,0.0,2026-01-11,10.0
202606010405,7,13,アイデアユー,2023101124,牡3,57.0,横山武,01170,美浦鹿戸,01097,,---.-,**,0.0,0.0,0.0,2026-01-11,10.0
202606010405,7,14,アイファーウィーク,2023100658,牡3,57.0,野中,01158,美浦蛯名利,01131,,---.-,**,0.0,0.0,0.0,2026-01-11,10.0
202606010405,8,15,ウインガネーシャ,2023105870,牡3,57.0,菊沢,01161,美浦高木,01088,,---.-,**,0.0,0.0,0.0,2026-01-11,10.0
202606010405,8,16,マイネルスラーヴァ,2023106459,牡3,57.0,木幡巧,01162,美浦高木,01088,,---.-,**,0.0,0.0,0.0,2026-01-11,10.0
202606010406,1,1,ニシノヒノトリ,2023106254,牡3,57.0,菅原明,01179,美浦手塚久,01038,,---.-,**,0.0,0.0,0.0,2026-01-11,10.0
202606010406,1,2,スチールナイト,2023102426,牡3,57.0,西村淳,01171,美浦和田雄,01143,,---.-,**,0.0,0.0,0.0,2026-01-11,10.0
202606010406,2,3,ジングアップ,2023103461,牡3,57.0,佐々木,01197,美浦大竹,01102,,---.-,**,0.0,0.0,0.0,2026-01-11,10.0
202606010406,2,4,ナックホワイト,2023103885,牝3,55.0,大野,01096,美浦杉浦,01008,,---.-,**,0.0,0.0,0.0,2026-01-11,10.0
202606010406,3,5,オーケーグレイス,2023104951,牝3,55.0,横山琉,01192,美浦相沢,01020,,---.-,**,0.0,0.0,0.0,2026-01-11,10.0
202606010406,3,6,グランドスウェル,2023102833,牡3,57.0,丸田,01117,美浦畠山,01048,,---.-,**,0.0,0.0,0.0,2026-01-11,10.0
202606010406,4,7,ミュークトーマス,2023104666,牡3,54.0,▲石田,01203,美浦粕谷,01096,,---.-,**,0.0,0.0,0.0,2026-01-11,10.0
202606010406,4,8,セイウンアズール,2023100711,牝3,55.0,柴田善,00641,美浦千葉,01199,,---.-,**,0.0,0.0,0.0,2026-01-11,10.0
202606010406,5,9,ゴールドエンバー,2023102333,牡3,57.0,木幡初,01153,美浦竹内,01152,,---.-,**,0.0,0.0,0.0,2026-01-11,10.0
202606010406,5,10,ワールドブレイヴ,2023105578,牡3,57.0,丸山,01127,美浦宮田,01175,,---.-,**,0.0,0.0,0.0,2026-01-11,10.0
202606010406,6,11,マイネルオラクル,2023106422,牡3,57.0,原,01184,美浦尾関,01103,,---.-,**,0.0,0.0,0.0,2026-01-11,10.0
202606010406,6,12,フォーチュンローズ,2023103522,牝3,55.0,津村,01092,美浦上原佑,01192,,---.-,**,0.0,0.0,0.0,2026-01-11,10.0
202606010406,7,13,レイヒストリコ,2023107163,牡3,57.0,ルメール,05339,美浦黒岩,01133,,---.-,**,0.0,0.0,0.0,2026-01-11,10.0
202606010406,7,14,イーサンミラー,2023106657,牡3,57.0,丹内,01091,美浦稲垣,01167,,---.-,**,0.0,0.0,0.0,2026-01-11,10.0
202606010406,7,15,グランアルト,2023104156,牡3,57.0,斎藤,01178,美浦斎藤誠,01086,,---.-,**,0.0,0.0,0.0,2026-01-11,10.0
202606010406,8,16,ウールヴヘジン,2023102442,牡3,57.0,菊沢,01161,美浦青木,01156,,---.-,**,0.0,0.0,0.0,2026-01-11,10.0
202606010406,8,17,アグアフレスカ,2023103579,牝3,55.0,北村宏,01043,美浦国枝,00399,,---.-,**,0.0,0.0,0.0,2026-01-11,10.0
202606010406,8,18,シーサンタナ,2023103583,牡3,55.0,△長浜,01214,美浦手塚久,01038,,---.-,**,0.0,0.0,0.0,2026-01-11,10.0
202606010407,1,1,ボーヌロマネ,2022102529,牡4,57.0,横山和,01140,美浦奥村武,05625,,---.-,**,0.0,0.0,0.0,2026-01-11,10.0
202606010407,1,2,ジャクソン,2020104354,牡6,58.0,丸田,01117,美浦武市,01089,,---.-,**,0.0,0.0,0.0,2026-01-11,10.0
202606010407,2,3,サカイシューター,2022110018,牡4,57.0,木幡育,01167,美浦松永康,01093,,---.-,**,0.0,0.0,0.0,2026-01-11,10.0
202606010407,2,4,コスモフレディ,2021100730,牡5,58.0,柴田大,01009,美浦水野,01094,,---.-,**,0.0,0.0,0.0,2026-01-11,10.0
202606010407,3,5,ドゥマーヴェリック,2022103232,牡4,57.0,ルメール,05339,美浦萩原,01017,,---.-,**,0.0,0.0,0.0,2026-01-11,10.0
202606010407,3,6,ゴットランド,2022100162,牡4,57.0,斎藤,01178,美浦斎藤誠,01086,,---.-,**,0.0,0.0,0.0,2026-01-11,10.0
202606010407,4,7,グランプラネッタ,2022107023,セ4,57.0,横山琉,01192,美浦小島,01068,,---.-,**,0.0,0.0,0.0,2026-01-11,10.0
202606010407,4,8,トモジャシャトー,2021101041,牡5,56.0,△長浜,01214,美浦小笠,01076,,---.-,**,0.0,0.0,0.0,2026-01-11,10.0
202606010407,5,9,サトミノエンジェル,2022101389,牡4,57.0,横山武,01170,美浦鈴木伸,01026,,---.-,**,0.0,0.0,0.0,2026-01-11,10.0
202606010407,5,10,モヴレクス,2021105074,牡5,58.0,菊沢,01161,美浦金成,01132,,---.-,**,0.0,0.0,0.0,2026-01-11,10.0
202606010407,6,11,ショウナンタハティ,2022103911,牡4,57.0,菅原明,01179,美浦中舘,a03d7,,---.-,**,0.0,0.0,0.0,2026-01-11,10.0
202606010407,6,12,ローズマイスター,2022104419,牡4,54.0,▲小林美,01206,美浦黒岩,01133,,---.-,**,0.0,0.0,0.0,2026-01-11,10.0
202606010407,7,13,レッドルイナール,2022101438,セ4,57.0,佐々木,01197,美浦加藤征,01059,,---.-,**,0.0,0.0,0.0,2026-01-11,10.0
202606010407,7,14,スーパーホース,2022100485,セ4,57.0,原田和,01143,美浦堀内,05486,,---.-,**,0.0,0.0,0.0,2026-01-11,10.0
202606010407,8,15,ロードフロリゼル,2022100621,牡4,57.0,丹内,01091,美浦稲垣,01167,,---.-,**,0.0,0.0,0.0,2026-01-11,10.0
202606010407,8,16,フォレストゲート,2021101950,牡5,55.0,▲佐藤,01207,美浦小手川,01171,,---.-,**,0.0,0.0,0.0,2026-01-11,10.0
202606010408,1,1,ブラックジェダイト,2022106393,牡4,57.0,佐々木,01197,美浦大竹,01102,,---.-,**,0.0,0.0,0.0,2026-01-11,10.0
202606010408,1,2,デイジー,2021104173,牝5,56.0,江田照,00689,美浦田中勝,01207,,---.-,**,0.0,0.0,0.0,2026-01-11,10.0
202606010408,2,3,ファーマムーン,2022102045,牝4,53.0,△長浜,01214,美浦深山,05242,,---.-,**,0.0,0.0,0.0,2026-01-11,10.0
202606010408,2,4,レモンバーム,2022106796,牝4,55.0,津村,01092,美浦嘉藤,01195,,---.-,**,0.0,0.0,0.0,2026-01-11,10.0
202606010408,3,5,ディクシーヴォーグ,2022102530,牝4,53.0,◇今村,01193,美浦菊川,01052,,---.-,**,0.0,0.0,0.0,2026-01-11,10.0
202606010408,3,6,ポッドロルフ,2022100700,牡4,54.0,▲大久保,01194,美浦小野,01125,,---.-,**,0.0,0.0,0.0,2026-01-11,10.0
202606010408,4,7,クライスレリアーナ,2022104818,牝4,55.0,ルメール,05339,美浦木村,01126,,---.-,**,0.0,0.0,0.0,2026-01-11,10.0
202606010408,4,8,ブルスカメンテ,2022104844,牝4,55.0,石川,01150,美浦黒岩,01133,,---.-,**,0.0,0.0,0.0,2026-01-11,10.0
202606010408,5,9,クリフハンガー,2021101701,セ5,58.0,荻野極,01160,美浦上原博,00423,,---.-,**,0.0,0.0,0.0,2026-01-11,10.0
202606010408,5,10,キャトルエピス,2022105293,牝4,55.0,横山武,01170,美浦栗田,01127,,---.-,**,0.0,0.0,0.0,2026-01-11,10.0
202606010408,6,11,ショウナンマリーナ,2022101259,牝4,55.0,丸山,01127,美浦森一,01201,,---.-,**,0.0,0.0,0.0,2026-01-11,10.0
202606010408,6,12,スペシャルバニー,2022101618,牝4,55.0,大野,01096,美浦田村,01027,,---.-,**,0.0,0.0,0.0,2026-01-11,10.0
202606010408,7,13,シアブリス,2021105742,牝5,53.0,▲舟山,01221,美浦黒岩,01133,,---.-,**,0.0,0.0,0.0,2026-01-11,10.0
202606010408,7,14,チョングク,2022104533,牡4,57.0,嶋田,01134,美浦南田,00437,,---.-,**,0.0,0.0,0.0,2026-01-11,10.0
202606010408,8,15,スモーキーゴッド,2022104592,牡4,57.0,杉原,01135,美浦萩原,01017,,---.-,**,0.0,0.0,0.0,2026-01-11,10.0
202606010408,8,16,ウインイザナミ,2022106229,牝4,55.0,丹内,01091,美浦上原博,00423,,---.-,**,0.0,0.0,0.0,2026-01-11,10.0
202606010409,1,1,ホウオウシンデレラ,2021103533,牝5,56.0,丸田,01117,美浦奥村武,01145,,---.-,**,0.0,0.0,0.0,2026-01-11,10.0
202606010409,2,2,ビターグラッセ,2020103228,牝6,56.0,菅原明,01179,美浦栗田,01127,,---.-,**,0.0,0.0,0.0,2026-01-11,10.0
202606010409,3,3,ジャルディニエ,2022105031,牝4,55.0,西村淳,01171,栗東奥村豊,01146,,---.-,**,0.0,0.0,0.0,2026-01-11,10.0
202606010409,4,4,ヴァイルマティ,2020105789,牝6,56.0,丹内,01091,美浦鹿戸,01097,,---.-,**,0.0,0.0,0.0,2026-01-11,10.0
202606010409,4,5,ブラックルビー,2022105981,牝4,55.0,戸崎圭,05386,美浦田中博,01162,,---.-,**,0.0,0.0,0.0,2026-01-11,10.0
202606010409,5,6,ロムネヤ,2019105477,牝7,56.0,北村宏,01043,美浦国枝,00399,,---.-,**,0.0,0.0,0.0,2026-01-11,10.0
202606010409,5,7,コンドゥイア,2022100201,牝4,55.0,三浦,01122,栗東井上,01214,,---.-,**,0.0,0.0,0.0,2026-01-11,10.0
202606010409,6,8,コムユンプリュム,2022105318,牝4,55.0,荻野極,01160,美浦鹿戸,01097,,---.-,**,0.0,0.0,0.0,2026-01-11,10.0
202606010409,6,9,ビッグデイメイク,2022102532,牝4,55.0,石神道,01209,美浦和田雄,01143,,---.-,**,0.0,0.0,0.0,2026-01-11,10.0
202606010409,7,10,オルノア,2020103929,牝6,56.0,内田博,00422,栗東新谷,01172,,---.-,**,0.0,0.0,0.0,2026-01-11,10.0
202606010409,7,11,トレミニョン,2021105144,牝5,56.0,横山和,01140,美浦和田勇,01165,,---.-,**,0.0,0.0,0.0,2026-01-11,10.0
202606010409,8,12,ナムララジベラ,2020101288,牝6,56.0,小林脩,01183,美浦石栗,01043,,---.-,**,0.0,0.0,0.0,2026-01-11,10.0
202606010409,8,13,グレイトクラウン,2021107220,牝5,56.0,柴田大,01009,美浦松山,01100,,---.-,**,0.0,0.0,0.0,2026-01-11,10.0
202606010410,1,1,ラインオブソウル,2019105993,牡7,57.0,石川,01150,栗東東田,01209,,---.-,**,0.0,0.0,0.0,2026-01-11,10.0
202606010410,1,2,サンマルパトロール,2020106370,牡6,57.0,石橋脩,01077,栗東大橋,01065,,---.-,**,0.0,0.0,0.0,2026-01-11,10.0
202606010410,2,3,カゼノランナー,2021106611,牡5,57.0,西村淳,01171,栗東松永幹,01092,,---.-,**,0.0,0.0,0.0,2026-01-11,10.0
202606010410,2,4,ヒューゴ,2020102345,牡6,57.0,丹内,01091,美浦加藤征,01059,,---.-,**,0.0,0.0,0.0,2026-01-11,10.0
202606010410,3,5,クラウンシエンタ,2021101253,牡5,57.0,三浦,01122,美浦水野,01094,,---.-,**,0.0,0.0,0.0,2026-01-11,10.0
202606010410,3,6,ミスティックロア,2020110075,牡6,57.0,佐々木,01197,栗東矢作,01075,,---.-,**,0.0,0.0,0.0,2026-01-11,10.0
202606010410,4,7,ヴァルツァーシャル,2019102437,牡7,60.0,菅原明,01179,美浦高木,01088,,---.-,**,0.0,0.0,0.0,2026-01-11,10.0
202606010410,4,8,ポッドロゴ,2021104873,牡5,58.0,長岡,01142,栗東西園正,01028,,---.-,**,0.0,0.0,0.0,2026-01-11,10.0
202606010410,5,9,バスタードサフラン,2021106610,牝5,55.0,酒井,01034,栗東渡辺,01155,,---.-,**,0.0,0.0,0.0,2026-01-11,10.0
202606010410,5,10,ハギノサステナブル,2020105639,牡6,57.0,横山武,01170,栗東高野,01117,,---.-,**,0.0,0.0,0.0,2026-01-11,10.0
202606010410,6,11,フタイテンロック,2019102665,牡7,57.0,丸田,01117,美浦佐藤吉,01035,,---.-,**,0.0,0.0,0.0,2026-01-11,10.0
202606010410,6,12,レガーロデルシエロ,2021105661,牡5,57.0,戸崎圭,05386,美浦栗田,01127,,---.-,**,0.0,0.0,0.0,2026-01-11,10.0
202606010410,7,13,ハビレ,2021100561,牡5,57.0,ルメール,05339,美浦武井,01147,,---.-,**,0.0,0.0,0.0,2026-01-11,10.0
202606010410,7,14,テーオーグランビル,2020110081,牡6,57.0,横山和,01140,栗東上村,01168,,---.-,**,0.0,0.0,0.0,2026-01-11,10.0
202606010410,8,15,リチュアル,2019106748,セ7,57.0,荻野極,01160,栗東田中克,01180,,---.-,**,0.0,0.0,0.0,2026-01-11,10.0
202606010410,8,16,ダノンザボルケーノ,2021101478,牡5,57.0,菊沢,01161,美浦菊沢,01115,,---.-,**,0.0,0.0,0.0,2026-01-11,10.0
202606010411,1,1,レオアジャイル,2023104909,牝3,55.0,横山典,00660,美浦杉浦,01008,,---.-,**,0.0,0.0,0.0,2026-01-11,10.0
202606010411,1,2,ピエドゥラパン,2023103487,牝3,55.0,荻野極,01160,美浦千葉,01199,,---.-,**,0.0,0.0,0.0,2026-01-11,10.0
202606010411,2,3,トワニ,2023102694,牝3,55.0,菅原明,01179,美浦蛯名正,01191,,---.-,**,0.0,0.0,0.0,2026-01-11,10.0
202606010411,2,4,ビッグカレンルーフ,2023102054,牝3,55.0,松岡,01085,美浦堀内,01189,,---.-,**,0.0,0.0,0.0,2026-01-11,10.0
202606010411,3,5,エゴンウレア,2023104068,牝3,55.0,大野,01096,美浦小手川,01171,,---.-,**,0.0,0.0,0.0,2026-01-11,10.0
202606010411,3,6,トラスコンガーデン,2023100935,牝3,55.0,吉田豊,00733,美浦竹内,01152,,---.-,**,0.0,0.0,0.0,2026-01-11,10.0
202606010411,4,7,ノーザンタイタン,2023105275,牝3,55.0,田辺,01075,美浦中舘,01153,,---.-,**,0.0,0.0,0.0,2026-01-11,10.0
202606010411,4,8,リュクスパトロール,2023105259,牝3,55.0,佐々木,01197,美浦加藤士,01169,,---.-,**,0.0,0.0,0.0,2026-01-11,10.0
202606010411,5,9,サンアントワーヌ,2023107020,牝3,55.0,戸崎圭,05386,美浦鹿戸,01097,,---.-,**,0.0,0.0,0.0,2026-01-11,10.0
202606010411,5,10,モルニケ,2023106844,牝3,55.0,丹内,01091,美浦金成,01132,,---.-,**,0.0,0.0,0.0,2026-01-11,10.0
202606010411,6,11,ハーディジェナー,2023104628,牝3,55.0,上里,01217,美浦西田,01187,,---.-,**,0.0,0.0,0.0,2026-01-11,10.0
202606010411,6,12,ギリーズボール,2023107187,牝3,55.0,ルメール,05339,美浦手塚久,01038,,---.-,**,0.0,0.0,0.0,2026-01-11,10.0
202606010411,7,13,ヴィスコンテッサ,2023107244,牝3,55.0,石川,01150,栗東松永幹,01092,,---.-,**,0.0,0.0,0.0,2026-01-11,10.0
202606010411,7,14,ヴァリスマリネリス,2023103356,牝3,55.0,横山武,01170,美浦中舘,01153,,---.-,**,0.0,0.0,0.0,2026-01-11,10.0
202606010411,8,15,ブラックチャリス,2023107008,牝3,55.0,津村,01092,栗東武幸,01160,,---.-,**,0.0,0.0,0.0,2026-01-11,10.0
202606010411,8,16,マカレイ,2023107148,牝3,55.0,三浦,01122,美浦上原博,00423,,---.-,**,0.0,0.0,0.0,2026-01-11,10.0
202606010412,1,1,ドントゥザムーン,2022101863,牡4,58.0,三浦,01122,美浦高木,01088,,---.-,**,0.0,0.0,0.0,2026-01-11,10.0
202606010412,1,2,アスタールフナ,2022101557,牝4,54.0,△柴田裕,01212,栗東中竹,01039,,---.-,**,0.0,0.0,0.0,2026-01-11,10.0
202606010412,2,3,サンディブロンド,2021105821,牝5,56.0,荻野極,01160,美浦鈴木慎,01179,,---.-,**,0.0,0.0,0.0,2026-01-11,10.0
202606010412,2,4,メラーキ,2017105634,牡9,58.0,松岡,01085,美浦稲垣,01167,,---.-,**,0.0,0.0,0.0,2026-01-11,10.0
202606010412,3,5,チャロ,2022105158,牡4,58.0,菅原明,01179,美浦和田郎,01114,,---.-,**,0.0,0.0,0.0,2026-01-11,10.0
202606010412,3,6,エチャケナ,2021106673,牝5,56.0,伊藤,01119,美浦金成,01132,,---.-,**,0.0,0.0,0.0,2026-01-11,10.0
202606010412,4,7,メモリーグラス,2020107095,牡6,55.0,▲佐藤,01207,美浦松永康,01093,,---.-,**,0.0,0.0,0.0,2026-01-11,10.0
202606010412,4,8,サンダーアリュール,2021109069,牝5,54.0,◇今村,01193,美浦菊川,01052,,---.-,**,0.0,0.0,0.0,2026-01-11,10.0
202606010412,5,9,ラストシャリナ,2022100418,牡4,58.0,石川,01150,美浦矢嶋,01202,,---.-,**,0.0,0.0,0.0,2026-01-11,10.0
202606010412,5,10,ヤマメキング,2022100245,牡4,58.0,佐々木,01197,美浦田島,01112,,---.-,**,0.0,0.0,0.0,2026-01-11,10.0
202606010412,6,11,ハードセルツァー,2022105441,牡4,58.0,ルメール,05339,美浦堀,01070,,---.-,**,0.0,0.0,0.0,2026-01-11,10.0
202606010412,6,12,スプランドゥール,2021100623,牡5,55.0,▲石神道,01209,美浦和田雄,01143,,---.-,**,0.0,0.0,0.0,2026-01-11,10.0
202606010412,7,13,モリノレッドスター,2021106298,牝5,56.0,横山武,01170,美浦鈴木伸,01026,,---.-,**,0.0,0.0,0.0,2026-01-11,10.0
202606010412,7,14,スノーサイレンス,2022101675,牝4,56.0,西村淳,01171,栗東小栗,01194,,---.-,**,0.0,0.0,0.0,2026-01-11,10.0
202606010412,8,15,ロードトレゾール,2021100144,牡5,58.0,横山琉,01192,栗東清水久,01110,,---.-,**,0.0,0.0,0.0,2026-01-11,10.0
202606010412,8,16,メイショウドライブ,2022102574,牝4,56.0,丹内,01091,栗東鈴木孝,01111,,---.-,**,0.0,0.0,0.0,2026-01-11,10.0
202608010401,1,1,マリノエステーラ,2023100804,牝3,52.0,▲橋木,01215,栗東中竹,01039,,---.-,**,0.0,0.0,0.0,2026-01-11,10.0
202608010401,1,2,ギレイ,2023103419,牡3,57.0,吉村,01216,栗東清水久,01110,,---.-,**,0.0,0.0,0.0,2026-01-11,10.0
202608010401,2,3,キタノシャカール,2023100475,牡3,57.0,池添,01032,栗東吉田,01101,,---.-,**,0.0,0.0,0.0,2026-01-11,10.0
202608010401,2,4,キボウホー,2023103431,牡3,57.0,岩田康,05203,栗東松永幹,01092,,---.-,**,0.0,0.0,0.0,2026-01-11,10.0
202608010401,3,5,フロムザムーン,2023102369,牡3,57.0,小崎,01152,栗東畑端,01188,,---.-,**,0.0,0.0,0.0,2026-01-11,10.0
202608010401,3,6,ワンダフルデイズ,2023107050,牡3,57.0,ハマーハン,05676,栗東高橋忠,01129,,---.-,**,0.0,0.0,0.0,2026-01-11,10.0
202608010401,4,7,ミスターエメラルド,2023106516,牡3,57.0,鮫島駿,01157,栗東中村,01186,,---.-,**,0.0,0.0,0.0,2026-01-11,10.0
202608010401,4,8,メイショウソウテン,2023103180,牡3,57.0,和田竜,01018,栗東鈴木孝,01111,,---.-,**,0.0,0.0,0.0,2026-01-11,10.0
202608010401,5,9,ニテンイチリュウ,2023102190,牡3,57.0,田口,01208,栗東高橋康,01135,,---.-,**,0.0,0.0,0.0,2026-01-11,10.0
202608010401,5,10,メイショウゴウケツ,2023106563,牡3,57.0,太宰,01037,栗東石橋,01140,,---.-,**,0.0,0.0,0.0,2026-01-11,10.0
202608010401,6,11,メンデレーエフ,2023101111,牡3,57.0,岩田望,01174,栗東野中,01098,,---.-,**,0.0,0.0,0.0,2026-01-11,10.0
202608010401,6,12,ミニュイ,2023104866,牡3,54.0,▲田山,01220,栗東秋山,01212,,---.-,**,0.0,0.0,0.0,2026-01-11,10.0
202608010401,7,13,サンセバ,2023100900,牡3,57.0,武豊,00666,栗東吉岡,01176,,---.-,**,0.0,0.0,0.0,2026-01-11,10.0
202608010401,7,14,アンコールアゲイン,2023102215,牡3,57.0,松山,01126,栗東今野,01128,,---.-,**,0.0,0.0,0.0,2026-01-11,10.0
202608010401,8,15,ロンバルドシチー,2023105112,牡3,57.0,高杉,01213,栗東西園翔,01196,,---.-,**,0.0,0.0,0.0,2026-01-11,10.0
202608010401,8,16,マシン,2023105387,牡3,57.0,団野,01180,栗東石坂,01166,,---.-,**,0.0,0.0,0.0,2026-01-11,10.0
202608010402,1,1,ホワイトラバーズ,2023101742,牝3,55.0,古川吉,01015,栗東大根田,01032,,---.-,**,0.0,0.0,0.0,2026-01-11,10.0
202608010402,1,2,リビングラヴ,2023102736,牝3,55.0,岩田康,05203,栗東牧田,01123,,---.-,**,0.0,0.0,0.0,2026-01-11,10.0
202608010402,2,3,メイショウアカリ,2023106568,牝3,55.0,太宰,01037,栗東松下,01149,,---.-,**,0.0,0.0,0.0,2026-01-11,10.0
202608010402,2,4,ダリアフレイバー,2023102197,牝3,55.0,松若,01154,栗東河嶋,01198,,---.-,**,0.0,0.0,0.0,2026-01-11,10.0
202608010402,3,5,ハイラブエナン,2023101780,牝3,52.0,▲和田陽,01223,栗東谷,00431,,---.-,**,0.0,0.0,0.0,2026-01-11,10.0
202608010402,3,6,トモジャカトゥーラ,2023103067,牝3,55.0,国分優,01125,栗東大根田,01032,,---.-,**,0.0,0.0,0.0,2026-01-11,10.0
202608010402,4,7,アンウェイバリング,2023105639,牝3,52.0,▲田山,01220,栗東羽月,01091,,---.-,**,0.0,0.0,0.0,2026-01-11,10.0
202608010402,4,8,アティラン,2023105641,牝3,55.0,川又,01166,栗東寺島,01158,,---.-,**,0.0,0.0,0.0,2026-01-11,10.0
202608010402,5,9,ヴァイヴァーイ,2023106711,牝3,55.0,小崎,01152,栗東小崎,01085,,---.-,**,0.0,0.0,0.0,2026-01-11,10.0
202608010402,5,10,ハッピーラブソング,2023100566,牝3,55.0,高杉,01213,栗東牧浦,01113,,---.-,**,0.0,0.0,0.0,2026-01-11,10.0
202608010402,6,11,ルージュエテルナ,2023103330,牝3,55.0,岩田望,01174,栗東友道,01061,,---.-,**,0.0,0.0,0.0,2026-01-11,10.0
202608010402,6,12,ヴェスタールカ,2023106917,牝3,55.0,鮫島駿,01157,栗東高野,01117,,---.-,**,0.0,0.0,0.0,2026-01-11,10.0
202608010402,7,13,ペガサスウィンド,2023100609,牝3,55.0,吉村,01216,栗東宮地,01211,,---.-,**,0.0,0.0,0.0,2026-01-11,10.0
202608010402,7,14,ペトリコール,2023107141,牝3,55.0,北村友,01102,栗東上村,01168,,---.-,**,0.0,0.0,0.0,2026-01-11,10.0
202608010402,8,15,アリュウ,2023104938,牝3,53.0,△鷲頭,01202,栗東井上,01214,,---.-,**,0.0,0.0,0.0,2026-01-11,10.0
202608010402,8,16,ジャミールアイン,2023107139,牝3,51.0,★河原田,01204,栗東藤原,01055,,---.-,**,0.0,0.0,0.0,2026-01-11,10.0
202608010403,1,1,ジョーカー,2023105348,牡3,57.0,岩田望,01174,栗東友道,01061,,---.-,**,0.0,0.0,0.0,2026-01-11,10.0
202608010403,1,2,ペプチドレオン,2023104876,牡3,57.0,武豊,00666,栗東武英,01161,,---.-,**,0.0,0.0,0.0,2026-01-11,10.0
202608010403,2,3,ウルスツイスター,2023102478,牡3,56.0,☆西塚,01200,栗東大橋,01065,,---.-,**,0.0,0.0,0.0,2026-01-11,10.0
202608010403,2,4,メイショウサッソウ,2023101953,牡3,57.0,加藤,01156,栗東庄野,01087,,---.-,**,0.0,0.0,0.0,2026-01-11,10.0
202608010403,3,5,スタープレイン,2023101080,牡3,57.0,和田竜,01018,栗東小栗,01194,,---.-,**,0.0,0.0,0.0,2026-01-11,10.0
202608010403,3,6,スカイピア,2023110026,牝3,52.0,▲古川奈,01190,栗東前川,01210,,---.-,**,0.0,0.0,0.0,2026-01-11,10.0
202608010403,4,7,カンフージョン,2023107544,牡3,57.0,北村友,01102,栗東吉村,01130,,---.-,**,0.0,0.0,0.0,2026-01-11,10.0
202608010403,4,8,ナリタアーマー,2023105635,牡3,57.0,高杉,01213,栗東高橋亮,01136,,---.-,**,0.0,0.0,0.0,2026-01-11,10.0
202608010403,5,9,カセノナユタ,2023100530,牡3,54.0,▲和田陽,01223,栗東中尾,01069,,---.-,**,0.0,0.0,0.0,2026-01-11,10.0
202608010403,5,10,ブクブクー,2023107528,牡3,57.0,岩田康,05203,栗東小栗,01194,,---.-,**,0.0,0.0,0.0,2026-01-11,10.0
202608010403,6,11,イズントイット,2023101056,牝3,55.0,菱田,01144,栗東岡田,01066,,---.-,**,0.0,0.0,0.0,2026-01-11,10.0
202608010403,6,12,サンオブザサン,2023101979,牡3,54.0,▲田山,01220,栗東高橋一,01206,,---.-,**,0.0,0.0,0.0,2026-01-11,10.0
202608010403,7,13,タイセイグローバル,2023105256,牡3,57.0,団野,01180,栗東小林,01185,,---.-,**,0.0,0.0,0.0,2026-01-11,10.0
202608010403,7,14,アニマレイ,2023105279,牡3,57.0,川田,01088,栗東須貝,01105,,---.-,**,0.0,0.0,0.0,2026-01-11,10.0
202608010403,8,15,ヨドノクラウン,2023101821,牡3,57.0,高倉,01130,栗東渡辺,01155,,---.-,**,0.0,0.0,0.0,2026-01-11,10.0
202608010403,8,16,モンスエ,2023107536,牡3,57.0,松山,01126,栗東高橋一,01206,,---.-,**,0.0,0.0,0.0,2026-01-11,10.0
202608010404,1,1,フジフォンテ,2019105759,セ7,60.0,石神深,01059,美浦粕谷,01096,,---.-,**,0.0,0.0,0.0,2026-01-11,10.0
202608010404,2,2,オブシディアン,2020100307,牡6,60.0,上野,01087,美浦石栗,01043,,---.-,**,0.0,0.0,0.0,2026-01-11,10.0
202608010404,3,3,バラジ,2019106698,セ7,57.0,▲鷲頭,01202,栗東井上,01214,,---.-,**,0.0,0.0,0.0,2026-01-11,10.0
202608010404,3,4,イーサンバーニング,2019104192,牡7,60.0,小野寺,01123,栗東藤野,01200,,---.-,**,0.0,0.0,0.0,2026-01-11,10.0
202608010404,4,5,レッドファーロ,2019104983,牡7,60.0,西谷誠,01005,栗東松永幹,01092,,---.-,**,0.0,0.0,0.0,2026-01-11,10.0
202608010404,4,6,スノーディーヴァ,2021103504,牝5,57.0,▲水沼,01201,美浦深山,01174,,---.-,**,0.0,0.0,0.0,2026-01-11,10.0
202608010404,5,7,リケアキャンディ,2022100765,牝4,57.0,大江圭,01120,美浦蛯名利,01131,,---.-,**,0.0,0.0,0.0,2026-01-11,10.0
202608010404,5,8,ハーバーライト,2021105477,牡5,60.0,難波,01066,栗東高橋忠,01129,,---.-,**,0.0,0.0,0.0,2026-01-11,10.0
202608010404,6,9,エブリモーメント,2021104649,牡5,60.0,黒岩,01072,栗東牧田,01123,,---.-,**,0.0,0.0,0.0,2026-01-11,10.0
202608010404,6,10,メイショウコガシラ,2020100979,牡6,60.0,森一,01139,栗東本田,01099,,---.-,**,0.0,0.0,0.0,2026-01-11,10.0
202608010404,7,11,レッドラマンシュ,2019103920,セ7,60.0,小牧加,01196,栗東庄野,01087,,---.-,**,0.0,0.0,0.0,2026-01-11,10.0
202608010404,7,12,スマラグドス,2020102798,牡6,60.0,田村,01105,栗東西園正,01028,,---.-,**,0.0,0.0,0.0,2026-01-11,10.0
202608010404,8,13,インターステラ,2022103576,牡4,59.0,伴,01149,美浦天間,01090,,---.-,**,0.0,0.0,0.0,2026-01-11,10.0
202608010404,8,14,ウェイトゥザドーン,2021104768,セ5,60.0,草野,01113,美浦戸田,01054,,---.-,**,0.0,0.0,0.0,2026-01-11,10.0
202608010405,1,1,スターオブロンドン,2023105545,牡3,54.0,▲古川奈,01190,栗東矢作,01075,,---.-,**,0.0,0.0,0.0,2026-01-11,10.0
202608010405,2,2,メイショウリュウシ,2023105037,牡3,57.0,岩田康,05203,栗東角田,01121,,---.-,**,0.0,0.0,0.0,2026-01-11,10.0
202608010405,3,3,パータリプトラ,2023103263,セ3,57.0,坂井,01163,美浦武井,01147,,---.-,**,0.0,0.0,0.0,2026-01-11,10.0
202608010405,4,4,カナタコナタ,2023104700,牡3,57.0,松山,01126,栗東高橋一,01206,,---.-,**,0.0,0.0,0.0,2026-01-11,10.0
202608010405,5,5,スマートジュリアス,2023101452,牡3,57.0,武豊,00666,栗東中村,01186,,---.-,**,0.0,0.0,0.0,2026-01-11,10.0
202608010405,6,6,サヨノパララックス,2023105140,牡3,57.0,田口,01208,栗東羽月,01091,,---.-,**,0.0,0.0,0.0,2026-01-11,10.0
202608010405,7,7,ライトオブヌカタ,2023103087,牡3,57.0,岩田望,01174,栗東上村,01168,,---.-,**,0.0,0.0,0.0,2026-01-11,10.0
202608010405,7,8,エブリデイ,2023102902,牡3,57.0,高杉,01213,栗東北出,01078,,---.-,**,0.0,0.0,0.0,2026-01-11,10.0
202608010405,8,9,シュテフィ,2023105301,牝3,55.0,吉村,01216,栗東牧田,01123,,---.-,**,0.0,0.0,0.0,2026-01-11,10.0
202608010405,8,10,ラッキーバック,2023100126,牡3,57.0,北村友,01102,栗東西村,01148,,---.-,**,0.0,0.0,0.0,2026-01-11,10.0
202608010406,1,1,レーンアジリティ,2022107325,牡4,57.0,和田竜,01018,栗東中尾,01069,,---.-,**,0.0,0.0,0.0,2026-01-11,10.0
202608010406,2,2,ポルトドール,2020102728,牡6,58.0,高杉,01213,栗東小栗,01194,,---.-,**,0.0,0.0,0.0,2026-01-11,10.0
202608010406,3,3,ヨリノレジェンド,2022102202,牡4,57.0,団野,01180,栗東奥村豊,01146,,---.-,**,0.0,0.0,0.0,2026-01-11,10.0
202608010406,3,4,テンエースワン,2021105637,牡5,58.0,坂井,01163,栗東大久保,01058,,---.-,**,0.0,0.0,0.0,2026-01-11,10.0
202608010406,4,5,サトノブリジャール,2022105037,牡4,57.0,岩田望,01174,栗東友道,01061,,---.-,**,0.0,0.0,0.0,2026-01-11,10.0
202608010406,4,6,エイユーファイヤー,2022102710,牡4,57.0,松山,01126,栗東森田,01142,,---.-,**,0.0,0.0,0.0,2026-01-11,10.0
202608010406,5,7,キュードス,2022106312,牡4,57.0,松若,01154,栗東荒川,01095,,---.-,**,0.0,0.0,0.0,2026-01-11,10.0
202608010406,5,8,ガウラスパーク,2021103586,セ5,58.0,田口,01208,栗東高柳大,01159,,---.-,**,0.0,0.0,0.0,2026-01-11,10.0
202608010406,6,9,ピエナオルフェ,2021101155,牡5,58.0,城戸,01147,栗東荒川,01095,,---.-,**,0.0,0.0,0.0,2026-01-11,10.0
202608010406,6,10,ララエキリーブル,2022106259,牡4,57.0,古川吉,01015,栗東坂口,01170,,---.-,**,0.0,0.0,0.0,2026-01-11,10.0
202608010406,7,11,サイモンシュバリエ,2022102223,牡4,57.0,岩田康,05203,栗東梅田,01084,,---.-,**,0.0,0.0,0.0,2026-01-11,10.0
202608010406,7,12,ハイグッドワールド,2021104474,牡5,55.0,▲田山,01220,栗東谷,00431,,---.-,**,0.0,0.0,0.0,2026-01-11,10.0
202608010406,8,13,サンライズバレット,2022102218,牡4,57.0,鮫島駿,01157,栗東茶木,01181,,---.-,**,0.0,0.0,0.0,2026-01-11,10.0
202608010406,8,14,ゴルデールスカー,2020103625,牡6,58.0,亀田,01176,栗東加藤公,01215,,---.-,**,0.0,0.0,0.0,2026-01-11,10.0
202608010407,1,1,シェーラ,2022102139,牝4,52.0,▲田山,01220,栗東牧田,01123,,---.-,**,0.0,0.0,0.0,2026-01-11,10.0
202608010407,2,2,ハギノピアチェーレ,2022106653,牝4,55.0,北村友,01102,栗東高野,01117,,---.-,**,0.0,0.0,0.0,2026-01-11,10.0
202608010407,3,3,ヴィーナスバブル,2022102957,牝4,55.0,松若,01154,栗東東田,01209,,---.-,**,0.0,0.0,0.0,2026-01-11,10.0
202608010407,3,4,サミダレナイツ,2022101605,牡4,57.0,岩田康,05203,栗東谷,00431,,---.-,**,0.0,0.0,0.0,2026-01-11,10.0
202608010407,4,5,メイショウピリカ,2022102550,牝4,55.0,古川吉,01015,栗東本田,01099,,---.-,**,0.0,0.0,0.0,2026-01-11,10.0
202608010407,4,6,オゴオゴ,2022100525,牡4,57.0,角田和,01186,栗東中尾,01069,,---.-,**,0.0,0.0,0.0,2026-01-11,10.0
202608010407,5,7,プレデスティナーレ,2022106751,牡4,57.0,和田竜,01018,栗東北出,01078,,---.-,**,0.0,0.0,0.0,2026-01-11,10.0
202608010407,5,8,テレプシコーラ,2022100457,牝4,55.0,団野,01180,栗東坂口,01170,,---.-,**,0.0,0.0,0.0,2026-01-11,10.0
202608010407,6,9,シンドリームシン,2021105382,牡5,58.0,高杉,01213,栗東武幸,01160,,---.-,**,0.0,0.0,0.0,2026-01-11,10.0
202608010407,6,10,タマモランプ,2021101557,牡5,58.0,松山,01126,栗東池添,01144,,---.-,**,0.0,0.0,0.0,2026-01-11,10.0
202608010407,7,11,ダノンアトラス,2021105113,牡5,58.0,鮫島駿,01157,栗東橋口,01154,,---.-,**,0.0,0.0,0.0,2026-01-11,10.0
202608010407,7,12,ロールザダイス,2022106626,セ4,57.0,坂井,01163,栗東池江,01071,,---.-,**,0.0,0.0,0.0,2026-01-11,10.0
202608010407,8,13,ニホンピロデヴィン,2022104214,牡4,57.0,武豊,00666,栗東緒方,01193,,---.-,**,0.0,0.0,0.0,2026-01-11,10.0
202608010407,8,14,サンライズバブル,2022102604,牡4,57.0,池添,01032,栗東前川,01210,,---.-,**,0.0,0.0,0.0,2026-01-11,10.0
202608010408,1,1,アオイミモザ,2021100873,セ5,58.0,北村友,01102,栗東佐藤悠,01205,,---.-,**,0.0,0.0,0.0,2026-01-11,10.0
202608010408,1,2,タイガースパーク,2020104561,牡6,58.0,田口,01208,栗東大橋,01065,,---.-,**,0.0,0.0,0.0,2026-01-11,10.0
202608010408,2,3,シンエン,2019105359,牡7,58.0,池添,01032,栗東松下,01149,,---.-,**,0.0,0.0,0.0,2026-01-11,10.0
202608010408,2,4,アスクアイルビゼア,2021102154,牡5,58.0,坂井,01163,栗東矢作,01075,,---.-,**,0.0,0.0,0.0,2026-01-11,10.0
202608010408,3,5,カルパ,2021105736,牡5,58.0,川田,01088,栗東須貝,01105,,---.-,**,0.0,0.0,0.0,2026-01-11,10.0
202608010408,3,6,フィリップ,2021102797,牡5,58.0,鮫島駿,01157,美浦岩戸,01051,,---.-,**,0.0,0.0,0.0,2026-01-11,10.0
202608010408,4,7,レッドダンルース,2020103189,牡6,58.0,松山,01126,栗東福永,01203,,---.-,**,0.0,0.0,0.0,2026-01-11,10.0
202608010408,4,8,ユウトザレン,2022101016,牡4,57.0,高杉,01213,栗東千田,01120,,---.-,**,0.0,0.0,0.0,2026-01-11,10.0
202608010408,5,9,トーレ,2021103161,牡5,55.0,▲田山,01220,栗東高橋亮,01136,,---.-,**,0.0,0.0,0.0,2026-01-11,10.0
202608010408,5,10,サンダーバース,2021103582,セ5,56.0,△鷲頭,01202,栗東井上,01214,,---.-,**,0.0,0.0,0.0,2026-01-11,10.0
202608010408,6,11,ダイシンリンク,2022106699,牡4,57.0,武豊,00666,栗東森秀,00427,,---.-,**,0.0,0.0,0.0,2026-01-11,10.0
202608010408,6,12,マサハヤウォルズ,2020103045,牡6,58.0,和田竜,01018,栗東今野,01128,,---.-,**,0.0,0.0,0.0,2026-01-11,10.0
202608010408,7,13,バイファーザベスト,2019109106,牡7,58.0,吉村,01216,栗東清水久,01110,,---.-,**,0.0,0.0,0.0,2026-01-11,10.0
202608010408,7,14,ニューオーリンズ,2022106920,牡4,54.0,▲和田陽,01223,栗東杉山晴,01157,,---.-,**,0.0,0.0,0.0,2026-01-11,10.0
202608010408,8,15,ラファル,2022103680,牡4,57.0,岩田望,01174,栗東田中克,01180,,---.-,**,0.0,0.0,0.0,2026-01-11,10.0
202608010408,8,16,サンダーロード,2022102966,牡4,57.0,松若,01154,栗東杉山晴,01157,,---.-,**,0.0,0.0,0.0,2026-01-11,10.0
202608010409,1,1,エリカヴェネチア,2021110106,牝5,56.0,北村友,01102,栗東吉岡,01176,,---.-,**,0.0,0.0,0.0,2026-01-11,10.0
202608010409,2,2,テーオーマルコーニ,2022102228,牡4,57.0,藤岡佑,01093,栗東奥村豊,01146,,---.-,**,0.0,0.0,0.0,2026-01-11,10.0
202608010409,3,3,ディオスパーダ,2022100413,牡4,57.0,西塚,01200,栗東小椋,01197,,---.-,**,0.0,0.0,0.0,2026-01-11,10.0
202608010409,4,4,ゴッドエスパーダ,2022106186,牡4,57.0,川田,01088,栗東角田,01121,,---.-,**,0.0,0.0,0.0,2026-01-11,10.0
202608010409,5,5,ヒデノレインボー,2019102705,牡7,58.0,岩田康,05203,栗東梅田,01084,,---.-,**,0.0,0.0,0.0,2026-01-11,10.0
202608010409,6,6,エイカイソウル,2021105094,牡5,58.0,松山,01126,栗東藤原,01055,,---.-,**,0.0,0.0,0.0,2026-01-11,10.0
202608010409,7,7,ソウルアンドジャズ,2021106694,セ5,58.0,坂井,01163,美浦武井,01147,,---.-,**,0.0,0.0,0.0,2026-01-11,10.0
202608010409,7,8,サイモンルモンド,2017106722,セ9,58.0,松若,01154,美浦根本,01029,,---.-,**,0.0,0.0,0.0,2026-01-11,10.0
202608010409,8,9,キーチパルフェ,2021103727,牡5,58.0,鮫島駿,01157,栗東高柳大,01159,,---.-,**,0.0,0.0,0.0,2026-01-11,10.0
202608010409,8,10,タガノヘラクレス,2021106544,牡5,58.0,高杉,01213,栗東千田,01120,,---.-,**,0.0,0.0,0.0,2026-01-11,10.0
202608010410,1,1,ラーンザロープス,2021105011,牝5,56.0,菱田,01144,栗東武幸,01160,,---.-,**,0.0,0.0,0.0,2026-01-11,10.0
202608010410,2,2,ウィープディライト,2021105412,セ5,58.0,松山,01126,栗東池添,01144,,---.-,**,0.0,0.0,0.0,2026-01-11,10.0
202608010410,2,3,ミニトランザット,2022105230,牡4,57.0,吉村,01216,栗東杉山佳,01178,,---.-,**,0.0,0.0,0.0,2026-01-11,10.0
202608010410,3,4,バレルターン,2021104906,牡5,58.0,坂井,01163,栗東茶木,01181,,---.-,**,0.0,0.0,0.0,2026-01-11,10.0
202608010410,3,5,トーホウディアス,2018103406,牡8,58.0,和田竜,01018,栗東谷,00431,,---.-,**,0.0,0.0,0.0,2026-01-11,10.0
202608010410,4,6,ブリュットミレジメ,2019102106,牡7,58.0,岩田望,01174,栗東荒川,01095,,---.-,**,0.0,0.0,0.0,2026-01-11,10.0
202608010410,4,7,アスクビギンアゲン,2019101079,牡7,58.0,岩田康,05203,栗東梅田,01084,,---.-,**,0.0,0.0,0.0,2026-01-11,10.0
202608010410,5,8,ミッキージュエリー,2022103245,牝4,55.0,川田,01088,栗東中内田,01137,,---.-,**,0.0,0.0,0.0,2026-01-11,10.0
202608010410,5,9,ハワイアンティアレ,2021105255,牝5,56.0,池添,01032,栗東松永幹,01092,,---.-,**,0.0,0.0,0.0,2026-01-11,10.0
202608010410,6,10,スズカダブル,2020106660,牡6,58.0,団野,01180,栗東西村,01148,,---.-,**,0.0,0.0,0.0,2026-01-11,10.0
202608010410,6,11,ベラジオボンド,2021105117,牡5,58.0,北村友,01102,栗東上村,01168,,---.-,**,0.0,0.0,0.0,2026-01-11,10.0
202608010410,7,12,アルトゥーム,2021105746,牡5,58.0,高杉,01213,栗東藤岡,01062,,---.-,**,0.0,0.0,0.0,2026-01-11,10.0
202608010410,7,13,エアミアーニ,2018106663,セ8,58.0,鮫島駿,01157,栗東笹田,01104,,---.-,**,0.0,0.0,0.0,2026-01-11,10.0
202608010410,8,14,キングメーカー,2022102744,牡4,57.0,武豊,00666,栗東須貝,01105,,---.-,**,0.0,0.0,0.0,2026-01-11,10.0
202608010410,8,15,フライングブレード,2020100906,牡6,58.0,吉田隼,01095,栗東飯田,01139,,---.-,**,0.0,0.0,0.0,2026-01-11,10.0
202608010411,1,1,シュタールヴィント,2020103061,牡6,57.0,高杉,01213,栗東矢作,01075,,---.-,**,0.0,0.0,0.0,2026-01-11,10.0
202608010411,1,2,マイネルレノン,2019100751,牡7,57.0,和田竜,01018,栗東宮,01018,,---.-,**,0.0,0.0,0.0,2026-01-11,10.0
202608010411,2,3,イフェイオン,2021104955,牝5,55.0,鮫島駿,01157,栗東杉山佳,01178,,---.-,**,0.0,0.0,0.0,2026-01-11,10.0
202608010411,2,4,グランテスト,2020101543,牝6,56.0,田口,01208,栗東今野,01128,,---.-,**,0.0,0.0,0.0,2026-01-11,10.0
202608010411,3,5,デュガ,2019110102,セ7,58.0,坂井,01163,栗東森秀,00427,,---.-,**,0.0,0.0,0.0,2026-01-11,10.0
202608010411,3,6,アンクルクロス,2021101598,牡5,57.0,ハマーハン,05676,栗東高橋亮,01136,,---.-,**,0.0,0.0,0.0,2026-01-11,10.0
202608010411,4,7,ナムラアトム,2021102888,牡5,57.0,菱田,01144,栗東長谷川,01173,,---.-,**,0.0,0.0,0.0,2026-01-11,10.0
202608010411,4,8,エナジーグラン,2019104108,牡7,57.0,永島,01187,栗東高橋康,01135,,---.-,**,0.0,0.0,0.0,2026-01-11,10.0
202608010411,5,9,フィオライア,2021101924,牝5,56.0,松山,01126,栗東西園正,01028,,---.-,**,0.0,0.0,0.0,2026-01-11,10.0
202608010411,5,10,メイショウカゼマチ,2020106534,牡6,57.0,中井,01141,栗東角田,01121,,---.-,**,0.0,0.0,0.0,2026-01-11,10.0
202608010411,6,11,ソウテン,2019105459,牡7,57.0,団野,01180,栗東斉藤崇,01151,,---.-,**,0.0,0.0,0.0,2026-01-11,10.0
202608010411,6,12,ヤブサメ,2021103116,牡5,57.0,武豊,00666,栗東石橋,01140,,---.-,**,0.0,0.0,0.0,2026-01-11,10.0
202608010411,7,13,セッション,2020103639,牡6,58.0,吉村,01216,栗東斉藤崇,01151,,---.-,**,0.0,0.0,0.0,2026-01-11,10.0
202608010411,7,14,プルパレイ,2019104911,セ7,59.0,岩田康,05203,栗東須貝,01105,,---.-,**,0.0,0.0,0.0,2026-01-11,10.0
202608010411,8,15,ムイ,2022102408,牝4,55.0,岩田望,01174,栗東笹田,01104,,---.-,**,0.0,0.0,0.0,2026-01-11,10.0
202608010411,8,16,モズナナスター,2022100490,牝4,55.0,北村友,01102,栗東矢作,01075,,---.-,**,0.0,0.0,0.0,2026-01-11,10.0
202608010412,1,1,ギオンバヤシ,2023102695,牡3,54.0,▲田山,01220,栗東鈴木孝,01111,,---.-,**,0.0,0.0,0.0,2026-01-11,10.0
202608010412,1,2,オオツカ,2023103919,牡3,56.0,☆松本,01191,栗東大久保,01058,,---.-,**,0.0,0.0,0.0,2026-01-11,10.0
202608010412,2,3,スフィダンテ,2023104370,牡3,55.0,◇永島,01187,栗東高橋康,01135,,---.-,**,0.0,0.0,0.0,2026-01-11,10.0
202608010412,2,4,キミガスキダ,2023100605,牝3,55.0,松若,01154,栗東牧田,01123,,---.-,**,0.0,0.0,0.0,2026-01-11,10.0
202608010412,3,5,サーブルディアマン,2023103690,牡3,57.0,田口,01208,栗東坂口,01170,,---.-,**,0.0,0.0,0.0,2026-01-11,10.0
202608010412,3,6,レッドレグルス,2023106617,牡3,57.0,川田,01088,栗東杉山晴,01157,,---.-,**,0.0,0.0,0.0,2026-01-11,10.0
202608010412,4,7,リン,2023101576,牡3,57.0,藤岡佑,01093,栗東四位,01184,,---.-,**,0.0,0.0,0.0,2026-01-11,10.0
202608010412,4,8,メイショウテンク,2023105021,牡3,57.0,団野,01180,栗東荒川,01095,,---.-,**,0.0,0.0,0.0,2026-01-11,10.0
202608010412,5,9,オドワローズ,2023106942,牝3,55.0,ハマーハン,05676,栗東渡辺,01155,,---.-,**,0.0,0.0,0.0,2026-01-11,10.0
202608010412,5,10,タイムレスフレアー,2023103795,牡3,57.0,岩田望,01174,栗東橋口,01154,,---.-,**,0.0,0.0,0.0,2026-01-11,10.0
202608010412,6,11,テイスティング,2023100909,牡3,54.0,▲古川奈,01190,栗東矢作,01075,,---.-,**,0.0,0.0,0.0,2026-01-11,10.0
202608010412,6,12,ナリタエスペランサ,2023105046,牡3,57.0,武豊,00666,栗東福永,01203,,---.-,**,0.0,0.0,0.0,2026-01-11,10.0
202608010412,7,13,トランスマリーン,2023107156,牡3,57.0,和田竜,01018,栗東平田,01082,,---.-,**,0.0,0.0,0.0,2026-01-11,10.0
202608010412,7,14,サリエンテ,2023107016,牝3,55.0,北村友,01102,栗東池添,01144,,---.-,**,0.0,0.0,0.0,2026-01-11,10.0
202608010412,7,15,シートゥサミット,2023101200,牡3,57.0,坂井,01163,栗東吉岡,01176,,---.-,**,0.0,0.0,0.0,2026-01-11,10.0
202608010412,8,16,ワダツミ,2023102669,牝3,55.0,川又,01166,栗東笹田,01104,,---.-,**,0.0,0.0,0.0,2026-01-11,10.0
202608010412,8,17,エルナト,2023106930,牡3,57.0,亀田,01176,栗東斉藤崇,01151,,---.-,**,0.0,0.0,0.0,2026-01-11,10.0
202608010412,8,18,レディアグレッサー,2023103219,牝3,55.0,鮫島駿,01157,栗東新谷,01172,,---.-,**,0.0,0.0,0.0,2026-01-11,10.0
202654011101,1,1,エスケーブラッド,2023104428,牡3,57.0,多田羅誠,a03e2,高知宮路洋一,a003f,40.,40.2,6,0.0,0.0,0.0,2026-01-11,40.2
202654011101,2,2,エムティライカ,2023105471,牡3,57.0,妹尾浩一,a02da,高知打越勇児,a02b0,3.3,3.3,2,0.0,0.0,0.0,2026-01-11,3.3
202654011101,3,3,ミアソレイユ,2023104112,牝3,55.0,佐原秀泰,05572,高知那俄性哲,05726,19.,19.9,4,0.0,0.0,0.0,2026-01-11,19.9
202654011101,4,4,キンデアポチャン,2023106679,牝3,54.0,城野慈尚,05689,高知国澤輝幸,a01c8,34.,34.1,5,0.0,0.0,0.0,2026-01-11,34.1
202654011101,5,5,ルゼンチ,2023102536,牡3,57.0,西森将司,a0256,高知別府真司,05663,52.,52.8,8,0.0,0.0,0.0,2026-01-11,52.8
202654011101,6,6,オーシンミリオン,2023106047,牡3,57.0,岡遼太郎,05610,高知中西達也,a035f,10.,10.5,3,0.0,0.0,0.0,2026-01-11,10.5
202654011101,7,7,ソレユケカツコ,2023104530,牝3,55.0,加藤翔馬,05655,高知平和人,a0041,47.,47.7,7,0.0,0.0,0.0,2026-01-11,47.7
202654011101,8,8,ジョウショーブリエ,2023105773,牝3,55.0,永森大智,05536,高知雑賀正光,a0043,1.4,1.4,1,0.0,0.0,0.0,2026-01-11,1.4
202654011102,1,1,プリティスーチャン,2023103039,牝3,55.0,岡遼太郎,05610,高知国澤輝幸,a01c8,44.,44.7,10,0.0,0.0,0.0,2026-01-11,44.7
202654011102,2,2,カナデルラーケン,2023100481,牝3,55.0,井上瑛太,05615,高知川野勇馬,a01de,11.,11.2,4,0.0,0.0,0.0,2026-01-11,11.2
202654011102,3,3,ガディスビクトリア,2023104061,牝3,55.0,上田将司,a01ad,高知平和人,a0041,19.,19.6,6,0.0,0.0,0.0,2026-01-11,19.6
202654011102,4,4,メイジョウエナジー,2023101075,牝3,55.0,畑中信司,a01bb,高知田中伸一,a0232,23.,23.8,8,0.0,0.0,0.0,2026-01-11,23.8
202654011102,5,5,ソックス,2023107431,牡3,57.0,多田羅誠,a03e2,高知宮路洋一,a003f,22.,22.6,7,0.0,0.0,0.0,2026-01-11,22.6
202654011102,6,6,ハルウタ,2023101981,牝3,55.0,林謙佑,a02f8,高知別府真司,05663,43.,43.7,9,0.0,0.0,0.0,2026-01-11,43.7
202654011102,7,7,シーザソング,2023100675,牡3,57.0,郷間勇太,05496,高知西川敏弘,a048e,1.6,1.6,1,0.0,0.0,0.0,2026-01-11,1.6
202654011102,7,8,ジョウショージェニ,2023104089,牝3,55.0,永森大智,05536,高知雑賀正光,a0043,10.,10.1,3,0.0,0.0,0.0,2026-01-11,10.1
202654011102,8,9,ジョウショーレーヴ,2023104088,牝3,55.0,岡村卓弥,a0270,高知雑賀正光,a0043,14.,14.6,5,0.0,0.0,0.0,2026-01-11,14.6
202654011102,8,10,ウィギル,2023102825,セ3,57.0,吉原寛人,05299,高知打越勇児,a02b0,5.5,5.5,2,0.0,0.0,0.0,2026-01-11,5.5
202654011103,1,1,ココリハクタク,2022102452,牡4,57.0,林謙佑,a02f8,高知川野勇馬,a01de,21.,21.1,5,0.0,0.0,0.0,2026-01-11,21.1
202654011103,2,2,ジークマインド,2022107319,牝4,55.0,岡村卓弥,a0270,高知田中伸一,a0232,17.,17.5,3,0.0,0.0,0.0,2026-01-11,17.5
202654011103,3,3,コスモルーテウス,2019100800,牡7,57.0,宮川実,05640,高知打越勇児,a02b0,1.3,1.3,1,0.0,0.0,0.0,2026-01-11,1.3
202654011103,4,4,ディヴァージオン,2020106144,牝6,55.0,中島龍也,a02dc,高知別府真司,05663,29.,29.8,7,0.0,0.0,0.0,2026-01-11,29.8
202654011103,5,5,ナギサノジョジョ,2022103423,牡4,57.0,妹尾浩一,a02da,高知国澤輝幸,a01c8,47.,47.8,8,0.0,0.0,0.0,2026-01-11,47.8
202654011103,6,6,エースオーディン,2022100313,牡4,56.0,城野慈尚,05689,高知別府真司,05663,50.,50.7,9,0.0,0.0,0.0,2026-01-11,50.7
202654011103,7,7,カンプウ,2022103837,牡4,57.0,岩橋勇二,05389,高知田中守,05580,19.,19.7,4,0.0,0.0,0.0,2026-01-11,19.7
202654011103,7,8,ルナヴェローチェ,2022103001,牡4,57.0,畑中信司,a01bb,高知細川忠義,a0055,23.,23.1,6,0.0,0.0,0.0,2026-01-11,23.1
202654011103,8,9,スリーローズマリー,2022102310,牝4,55.0,上田将司,a01ad,高知目迫大輔,a02d3,5.0,5.0,2,0.0,0.0,0.0,2026-01-11,5.0
202654011103,8,10,ロイヤルジョダーナ,2022102180,牡4,57.0,加藤翔馬,05655,高知細川忠義,a0055,139,139.8,10,0.0,0.0,0.0,2026-01-11,139.8
202654011104,1,1,モノノフブルー,2020106158,牡6,57.0,郷間勇太,05496,高知田中譲二,a00ed,13.,13.7,7,0.0,0.0,0.0,2026-01-11,13.7
202654011104,2,2,カレンルシェルブル,2018104579,牡8,57.0,佐原秀泰,05572,高知目迫大輔,a02d3,6.6,6.6,3,0.0,0.0,0.0,2026-01-11,6.6
202654011104,3,3,エイシンツーリング,2019103439,牡7,57.0,畑中信司,a01bb,高知別府真司,05663,13.,13.5,6,0.0,0.0,0.0,2026-01-11,13.5
202654011104,4,4,ラインメッセージ,2019106542,牡7,57.0,中島龍也,a02dc,高知那俄性哲,05726,11.,11.2,4,0.0,0.0,0.0,2026-01-11,11.2
202654011104,5,5,カプティフ,2019100268,牡7,56.0,城野慈尚,05689,高知田中譲二,a00ed,5.3,5.3,2,0.0,0.0,0.0,2026-01-11,5.3
202654011104,6,6,ムサシフウジン,2018104037,牡8,55.0,阿部基嗣,05688,高知那俄性哲,05726,12.,12.5,5,0.0,0.0,0.0,2026-01-11,12.5
202654011104,7,7,ディサーニング,2015101626,セ11,57.0,吉原寛人,05299,高知打越勇児,a02b0,1.9,1.9,1,0.0,0.0,0.0,2026-01-11,1.9
202654011104,8,8,ウォーターレモン,2020110028,牡6,57.0,井上瑛太,05615,高知川野勇馬,a01de,14.,14.2,8,0.0,0.0,0.0,2026-01-11,14.2
202654011105,1,1,パレットキャット,2021102699,牝5,55.0,西森将司,a0256,高知倉兼育康,a0549,100,100.2,7,0.0,0.0,0.0,2026-01-11,100.2
202654011105,2,2,モンストルオーソ,2017106618,セ9,57.0,永森大智,05536,高知工藤真司,05785,9.0,9.0,5,0.0,0.0,0.0,2026-01-11,9.0
202654011105,3,3,クニノダイヤ,2021104562,牡5,57.0,大澤誠志,a023d,高知細川忠義,a0055,116,116.3,8,0.0,0.0,0.0,2026-01-11,116.3
202654011105,4,4,ディープカインズ,2022101097,牡4,57.0,多田羅誠,a03e2,高知工藤真司,05785,5.6,5.6,3,0.0,0.0,0.0,2026-01-11,5.6
202654011105,5,5,テーオーシリウス,2018106834,牡8,56.0,城野慈尚,05689,高知工藤真司,05785,2.3,2.3,1,0.0,0.0,0.0,2026-01-11,2.3
202654011105,6,6,アンダーザブリッジ,2022109100,セ4,57.0,岡村卓弥,a0270,高知田中伸一,a0232,7.5,7.5,4,0.0,0.0,0.0,2026-01-11,7.5
202654011105,7,7,アルマリカシバ,2022101248,牝4,53.0,阿部基嗣,05688,高知西山裕貴,a030b,44.,44.9,6,0.0,0.0,0.0,2026-01-11,44.9
202654011105,8,8,ゴールデンリング,2023101023,牝3,54.0,吉原寛人,05299,高知打越勇児,a02b0,2.8,2.8,2,0.0,0.0,0.0,2026-01-11,2.8
202654011106,1,1,クラウンセヘル,2022101296,牡4,57.0,山崎雅由,a0258,高知田中譲二,a00ed,21.,21.6,5,0.0,0.0,0.0,2026-01-11,21.6
202654011106,2,2,コパノジェームス,2022100287,牡4,57.0,加藤翔馬,05655,高知田中守,05580,10.,10.8,3,0.0,0.0,0.0,2026-01-11,10.8
202654011106,3,3,リワードエレイン,2022103374,牝4,53.0,阿部基嗣,05688,高知雑賀正光,a0043,16.,16.3,4,0.0,0.0,0.0,2026-01-11,16.3
202654011106,4,4,ノーブルプロセス,2020105529,牝6,55.0,岡遼太郎,05610,高知那俄性哲,05726,61.,61.2,7,0.0,0.0,0.0,2026-01-11,61.2
202654011106,5,5,メイショウイヌワシ,2019104100,牡7,57.0,永森大智,05536,高知西山裕貴,a030b,1.5,1.5,1,0.0,0.0,0.0,2026-01-11,1.5
202654011106,6,6,インテンスフレイム,2018100679,牡8,55.0,近藤翔月,a05df,高知雑賀正光,a0043,88.,88.5,8,0.0,0.0,0.0,2026-01-11,88.5
202654011106,7,7,レアルシチー,2022101190,牡4,57.0,多田羅誠,a03e2,高知工藤真司,05785,31.,31.6,6,0.0,0.0,0.0,2026-01-11,31.6
202654011106,8,8,バヤシーフェイス,2022101059,牡4,57.0,西森将司,a0256,高知倉兼育康,a0549,3.1,3.1,2,0.0,0.0,0.0,2026-01-11,3.1
202654011107,1,1,ナバロン,2019102456,牡7,57.0,郷間勇太,05496,高知田中譲二,a00ed,12.,12.0,7,0.0,0.0,0.0,2026-01-11,12.0
202654011107,2,2,ジーティーハッピー,2022100906,牡4,57.0,岡遼太郎,05610,高知中西達也,a035f,4.1,4.1,1,0.0,0.0,0.0,2026-01-11,4.1
202654011107,3,3,ウェルマインド,2020103000,牝6,53.0,近藤翔月,a05df,高知倉兼育康,a0549,29.,29.4,9,0.0,0.0,0.0,2026-01-11,29.4
202654011107,4,4,ゼンノソブリン,2022106992,牡4,57.0,岡村卓弥,a0270,高知雑賀正光,a0043,7.7,7.7,5,0.0,0.0,0.0,2026-01-11,7.7
202654011107,5,5,ペイシャキク,2021102638,牝5,55.0,佐原秀泰,05572,高知中西達也,a035f,17.,17.9,8,0.0,0.0,0.0,2026-01-11,17.9
202654011107,6,6,サツマノカゼ,2022109151,セ4,57.0,林謙佑,a02f8,高知川野勇馬,a01de,7.0,7.0,4,0.0,0.0,0.0,2026-01-11,7.0
202654011107,7,7,ジャガーノート,2022103700,牡4,57.0,畑中信司,a01bb,高知別府真司,05663,8.9,8.9,6,0.0,0.0,0.0,2026-01-11,8.9
202654011107,7,8,ポジティビティ,2022101910,牡4,57.0,吉原寛人,05299,高知工藤真司,05785,4.6,4.6,2,0.0,0.0,0.0,2026-01-11,4.6
202654011107,8,9,ラファエーレ,2019100887,牡7,57.0,大澤誠志,a023d,高知倉兼育康,a0549,5.0,5.0,3,0.0,0.0,0.0,2026-01-11,5.0
202654011107,8,10,オンテンバール,2021107378,牝5,54.0,城野慈尚,05689,高知胡本友晴,a020e,30.,30.5,10,0.0,0.0,0.0,2026-01-11,30.5
202654011108,1,1,アイルランズコール,2022106580,牡4,57.0,永森大智,05536,高知倉兼育康,a0549,1.5,1.5,1,0.0,0.0,0.0,2026-01-11,1.5
202654011108,2,2,マサウッドテール,2022109054,牡4,57.0,岡村卓弥,a0270,高知雑賀正光,a0043,6.5,6.5,3,0.0,0.0,0.0,2026-01-11,6.5
202654011108,3,3,トワキ,2020102055,牡6,57.0,佐原秀泰,05572,高知嬉勝則,a065b,39.,39.9,8,0.0,0.0,0.0,2026-01-11,39.9
202654011108,4,4,フューチャーアイ,2019106315,牡7,55.0,近藤翔月,a05df,高知那俄性哲,05726,33.,33.8,6,0.0,0.0,0.0,2026-01-11,33.8
202654011108,5,5,ブリックバーン,2021105495,セ5,57.0,郷間勇太,05496,高知西山裕貴,a030b,23.,23.5,5,0.0,0.0,0.0,2026-01-11,23.5
202654011108,6,6,ショウナンラジョア,2021103897,牝5,55.0,林謙佑,a02f8,高知川野勇馬,a01de,50.,50.5,9,0.0,0.0,0.0,2026-01-11,50.5
202654011108,7,7,コールイングミー,2022106281,牝4,55.0,山崎雅由,a0258,高知西山裕貴,a030b,6.3,6.3,2,0.0,0.0,0.0,2026-01-11,6.3
202654011108,8,8,ダノンテイオー,2016105084,牡10,56.0,城野慈尚,05689,高知別府真司,05663,35.,35.8,7,0.0,0.0,0.0,2026-01-11,35.8
202654011108,8,9,サイカク,2021103875,牡5,55.0,阿部基嗣,05688,高知東原己俊,a0050,9.8,9.8,4,0.0,0.0,0.0,2026-01-11,9.8
202654011109,1,1,アースライザー,2017103285,セ9,57.0,永森大智,05536,高知宮川浩一,a02f3,3.2,3.2,2,0.0,0.0,0.0,2026-01-11,3.2
202654011109,2,2,レグナム,2020110152,セ6,57.0,宮川実,05640,高知打越勇児,a02b0,2.4,2.4,1,0.0,0.0,0.0,2026-01-11,2.4
202654011109,3,3,コスモメイゲツ,2020105770,牡6,57.0,多田羅誠,a03e2,高知工藤真司,05785,11.,11.8,5,0.0,0.0,0.0,2026-01-11,11.8
202654011109,4,4,ショットメーカー,2019103078,牡7,57.0,上田将司,a01ad,高知宮川真衣,a0457,17.,17.1,6,0.0,0.0,0.0,2026-01-11,17.1
202654011109,5,5,ハイモビリティ,2018105729,牡8,57.0,石本純也,a022d,高知東原己俊,a0050,10.,10.5,4,0.0,0.0,0.0,2026-01-11,10.5
202654011109,6,6,ユメノサキ,2015104412,セ11,57.0,山崎雅由,a0258,高知田中譲二,a00ed,21.,21.6,7,0.0,0.0,0.0,2026-01-11,21.6
202654011109,7,7,ヤクモ,2018106607,牡8,57.0,大澤誠志,a023d,高知那俄性哲,05726,70.,70.4,8,0.0,0.0,0.0,2026-01-11,70.4
202654011109,8,8,コロンバージュ,2020101496,牡6,57.0,吉原寛人,05299,高知西山裕貴,a030b,4.3,4.3,3,0.0,0.0,0.0,2026-01-11,4.3
202654011110,1,1,サーブルミラージュ,2020102210,牡6,57.0,妹尾浩一,a02da,高知宮川真衣,a0457,30.,30.4,7,0.0,0.0,0.0,2026-01-11,30.4
202654011110,2,2,スカイライト,2021102002,牡5,57.0,永森大智,05536,高知打越勇児,a02b0,2.0,2.0,1,0.0,0.0,0.0,2026-01-11,2.0
202654011110,3,3,カムランベイ,2020101803,牡6,57.0,井上瑛太,05615,高知宮川浩一,a02f3,12.,12.0,5,0.0,0.0,0.0,2026-01-11,12.0
202654011110,4,4,ガラパゴス,2019102161,牡7,57.0,吉原寛人,05299,高知打越勇児,a02b0,4.1,4.1,2,0.0,0.0,0.0,2026-01-11,4.1
202654011110,5,5,フォードテソーロ,2020101327,牡6,57.0,加藤翔馬,05655,高知田中守,05580,4.5,4.5,3,0.0,0.0,0.0,2026-01-11,4.5
202654011110,6,6,メイショウヒューマ,2018106560,牡8,57.0,岡遼太郎,05610,高知中西達也,a035f,21.,21.8,6,0.0,0.0,0.0,2026-01-11,21.8
202654011110,7,7,ポイントフォワード,2021101633,セ5,57.0,佐原秀泰,05572,高知田中譲二,a00ed,10.,10.5,4,0.0,0.0,0.0,2026-01-11,10.5
202654011110,8,8,フィティアンガ,2019101570,セ7,57.0,山崎雅由,a0258,高知西山裕貴,a030b,62.,62.0,8,0.0,0.0,0.0,2026-01-11,62.0
202654011111,1,1,オクトニオン,2019100835,牡7,57.0,多田羅誠,a03e2,高知工藤真司,05785,4.5,4.5,1,0.0,0.0,0.0,2026-01-11,4.5
202654011111,2,2,クラウンクーロン,2021101266,牡5,57.0,佐原秀泰,05572,高知那俄性哲,05726,11.,11.9,7,0.0,0.0,0.0,2026-01-11,11.9
202654011111,3,3,カマクラバクフ,2021106435,牡5,57.0,永森大智,05536,高知雑賀正光,a0043,8.2,8.2,4,0.0,0.0,0.0,2026-01-11,8.2
202654011111,4,4,シュマンドロワ,2020100241,牡6,57.0,妹尾浩一,a02da,高知宮川真衣,a0457,12.,12.2,9,0.0,0.0,0.0,2026-01-11,12.2
202654011111,5,5,サプライズワンワン,2021102182,牡5,57.0,郷間勇太,05496,高知嬉勝則,a065b,8.8,8.8,5,0.0,0.0,0.0,2026-01-11,8.8
202654011111,6,6,ヨシュア,2021102253,牡5,57.0,上田将司,a01ad,高知国澤輝幸,a01c8,21.,21.7,11,0.0,0.0,0.0,2026-01-11,21.7
202654011111,6,7,サインポール,2020104731,牡6,55.0,近藤翔月,a05df,高知東原己俊,a0050,9.6,9.6,6,0.0,0.0,0.0,2026-01-11,9.6
202654011111,7,8,ミッドナイトバード,2019101663,牡7,56.0,城野慈尚,05689,高知胡本友晴,a020e,7.0,7.0,3,0.0,0.0,0.0,2026-01-11,7.0
202654011111,7,9,ナンデフェスティヴ,2019101158,牝7,53.0,阿部基嗣,05688,高知田中譲二,a00ed,5.0,5.0,2,0.0,0.0,0.0,2026-01-11,5.0
202654011111,8,10,グリュースゴット,2018104392,セ8,57.0,岡村卓弥,a0270,高知雑賀正光,a0043,12.,12.0,8,0.0,0.0,0.0,2026-01-11,12.0
202654011111,8,11,ウインリベラーレ,2021106207,牡5,57.0,石本純也,a022d,高知胡本友晴,a020e,20.,20.2,10,0.0,0.0,0.0,2026-01-11,20.2
202655011101,1,1,ジーティーグロウ,2022105765,牝4,54.0,山田義貴,05654,佐賀古賀光範,05109,13.,13.0,4,0.0,0.0,0.0,2026-01-11,13.0
202655011101,2,2,ビヨンドザバラード,2020103871,牡6,56.0,金山昇馬,05601,佐賀濱田一夫,05360,89.,89.8,10,0.0,0.0,0.0,2026-01-11,89.8
202655011101,3,3,エイシントレボン,2021103379,牡5,56.0,田中直人,05491,佐賀東美義,05420,38.,38.8,6,0.0,0.0,0.0,2026-01-11,38.8
202655011101,4,4,ルーパステソーロ,2018100995,牡8,56.0,渡辺竜也,05558,佐賀真島二也,a06bc,10.,10.3,3,0.0,0.0,0.0,2026-01-11,10.3
202655011101,5,5,ファルコンベガ,2021100333,牡5,56.0,長田進仁,05147,佐賀川田孝好,05450,55.,55.4,8,0.0,0.0,0.0,2026-01-11,55.4
202655011101,6,6,ユウトザイースト,2021104661,牡5,56.0,竹吉徹,05548,佐賀山田義人,a00f4,24.,24.4,5,0.0,0.0,0.0,2026-01-11,24.4
202655011101,7,7,ヤマタケプレーダ,2021102485,セ5,56.0,山下裕貴,05501,佐賀頼本盛行,a01e2,62.,62.2,9,0.0,0.0,0.0,2026-01-11,62.2
202655011101,7,8,ヴァシーオ,2022104483,牝4,54.0,松井伸也,05502,佐賀手島勝利,05257,55.,55.2,7,0.0,0.0,0.0,2026-01-11,55.2
202655011101,8,9,チリーゴールド,2022104905,牝4,54.0,飛田愛斗,05609,佐賀大島静夫,05059,1.2,1.2,1,0.0,0.0,0.0,2026-01-11,1.2
202655011101,8,10,ケンブリッジナイト,2022100151,牡4,56.0,山口勲,05229,佐賀手島勝利,05257,7.8,7.8,2,0.0,0.0,0.0,2026-01-11,7.8
202655011102,1,1,グランノーヴ,2022100103,牡4,56.0,川島拓,05645,佐賀土井道隆,05456,112,112.1,11,0.0,0.0,0.0,2026-01-11,112.1
202655011102,2,2,エクセレンウイナー,2022101187,牡4,56.0,石川倭,05534,佐賀東眞市,05601,2.7,2.7,2,0.0,0.0,0.0,2026-01-11,2.7
202655011102,3,3,エイルドゥノン,2021102810,牝5,53.0,青海大樹,05658,佐賀中川竜馬,05624,86.,86.5,10,0.0,0.0,0.0,2026-01-11,86.5
202655011102,4,4,ユヌブリーズ,2021101142,牝5,54.0,田中純,05456,佐賀中川竜馬,05624,31.,31.3,6,0.0,0.0,0.0,2026-01-11,31.3
202655011102,5,5,マヘアラニ,2019106612,牝7,54.0,小林凌,05560,佐賀川田孝好,05450,52.,52.1,9,0.0,0.0,0.0,2026-01-11,52.1
202655011102,6,6,エムオーコマチ,2020102287,牝6,54.0,金山昇馬,05601,佐賀池田忠好,05741,8.2,8.2,4,0.0,0.0,0.0,2026-01-11,8.2
202655011102,6,7,ワンダービジブル,2021100753,牡5,56.0,山口勲,05229,佐賀九日俊光,05005,2.5,2.5,1,0.0,0.0,0.0,2026-01-11,2.5
202655011102,7,8,ナムラカメジロー,2021104305,牡5,56.0,松井伸也,05502,佐賀東美義,05420,48.,48.3,8,0.0,0.0,0.0,2026-01-11,48.3
202655011102,7,9,ウルトラピース,2022106460,牡4,56.0,石川慎将,05478,佐賀真島元徳,05106,48.,48.1,7,0.0,0.0,0.0,2026-01-11,48.1
202655011102,8,10,シーザサンライズ,2022102215,牝4,54.0,田中直人,05491,佐賀川田孝好,05450,5.2,5.2,3,0.0,0.0,0.0,2026-01-11,5.2
202655011102,8,11,クイーンパレス,2022100070,牝4,54.0,飛田愛斗,05609,佐賀三小田幸,05684,17.,17.0,5,0.0,0.0,0.0,2026-01-11,17.0
202655011103,1,1,ベラジオドリーム,2022107318,牡4,56.0,小牧太,00894,兵庫諏訪貴正,05707,0.0,0.0,1,0.0,0.0,0.0,2026-01-11,0.0
202655011103,2,2,スマートラプター,2019102521,牡7,56.0,石川慎将,05478,佐賀倉富隆一,a06bb,0.0,0.0,2,0.0,0.0,0.0,2026-01-11,0.0
202655011103,3,3,オオイチョウ,2021102296,牡5,56.0,渡辺竜也,05558,佐賀真島元徳,05106,0.0,0.0,3,0.0,0.0,0.0,2026-01-11,0.0
202655011103,4,4,ヴィクラント,2020101359,セ6,56.0,竹吉徹,05548,佐賀山田義人,a00f4,0.0,0.0,4,0.0,0.0,0.0,2026-01-11,0.0
202655011103,5,5,エイシンアンヴァル,2017110049,牡9,56.0,山口勲,05229,佐賀東眞市,05601,0.0,0.0,5,0.0,0.0,0.0,2026-01-11,0.0
202655011103,6,6,ロードミッドナイト,2018102120,牡8,56.0,石川倭,05534,佐賀池田忠好,05741,0.0,0.0,6,0.0,0.0,0.0,2026-01-11,0.0
202655011103,6,7,ダイジョバナイ,2021104021,牡5,56.0,大山真吾,05364,兵庫飯田良弘,a02be,0.0,0.0,7,0.0,0.0,0.0,2026-01-11,0.0
202655011103,7,8,ミスズグランドオー,2018103724,牡8,56.0,塚本征吾,05638,高知目迫大輔,a02d3,0.0,0.0,8,0.0,0.0,0.0,2026-01-11,0.0
202655011103,7,9,マイネルダグラス,2018102148,牡8,56.0,青海大樹,05658,佐賀中川竜馬,05624,0.0,0.0,9,0.0,0.0,0.0,2026-01-11,0.0
202655011103,8,10,ジュゲムーン,2022106126,牡4,56.0,赤岡修次,05074,高知田中守,05580,0.0,0.0,10,0.0,0.0,0.0,2026-01-11,0.0
202655011103,8,11,フクノユリディズ,2020101468,セ6,56.0,井上幹太,05522,兵庫田中一巧,05768,0.0,0.0,11,0.0,0.0,0.0,2026-01-11,0.0
202655011104,1,1,テイエムダイタカ,2022103678,牡4,56.0,石川慎将,05478,佐賀平山宏秀,05738,4.4,4.4,2,0.0,0.0,0.0,2026-01-11,4.4
202655011104,2,2,カシノナイスガイ,2022101377,牡4,55.0,長谷川蓮,a05e0,佐賀古賀光範,05109,39.,39.5,8,0.0,0.0,0.0,2026-01-11,39.5
202655011104,3,3,ロードディフィート,2020102119,牡6,56.0,飛田愛斗,05609,佐賀松島壽,05690,12.,12.1,5,0.0,0.0,0.0,2026-01-11,12.1
202655011104,4,4,ドリームサンデー,2021106270,牝5,54.0,塚本征吾,05638,佐賀真島元徳,05106,52.,52.8,10,0.0,0.0,0.0,2026-01-11,52.8
202655011104,5,5,ルクスディライト,2022102034,牝4,54.0,山下裕貴,05501,佐賀倉富隆一,a06bb,4.6,4.6,3,0.0,0.0,0.0,2026-01-11,4.6
202655011104,6,6,ジュンアサヒソラ,2022105033,牡4,56.0,石川倭,05534,佐賀池田忠好,05741,3.1,3.1,1,0.0,0.0,0.0,2026-01-11,3.1
202655011104,7,7,コマゼロワン,2021101165,牡5,56.0,松井伸也,05502,佐賀渡辺博文,05745,4.7,4.7,4,0.0,0.0,0.0,2026-01-11,4.7
202655011104,7,8,キャストロゲイル,2019106835,牡7,56.0,田中直人,05491,佐賀東美義,05420,48.,48.6,9,0.0,0.0,0.0,2026-01-11,48.6
202655011104,8,9,ハクアイアシスト,2022106922,牝4,54.0,山口勲,05229,佐賀東眞市,05601,18.,18.2,7,0.0,0.0,0.0,2026-01-11,18.2
202655011104,8,10,ショウナンダグラス,2020101961,牡6,56.0,加茂飛翔,05633,佐賀大島静夫,05059,14.,14.6,6,0.0,0.0,0.0,2026-01-11,14.6
202655011105,1,1,カシノメンコチャン,2022102175,牝4,54.0,飛田愛斗,05609,佐賀鮫島克也,05771,2.8,2.8,1,0.0,0.0,0.0,2026-01-11,2.8
202655011105,2,2,ブリックスダール,2020103358,セ6,55.0,青海大樹,05658,佐賀中川竜馬,05624,46.,46.1,10,0.0,0.0,0.0,2026-01-11,46.1
202655011105,3,3,フランシナテソーロ,2022106913,牝4,52.0,林悠翔,a05e1,佐賀鮫島克也,05771,3.0,3.0,2,0.0,0.0,0.0,2026-01-11,3.0
202655011105,4,4,ヒロイックロイ,2021102613,牡5,56.0,小林凌,05560,佐賀手島勝利,05257,13.,13.0,5,0.0,0.0,0.0,2026-01-11,13.0
202655011105,5,5,オリフラム,2021100952,牡5,56.0,加茂飛翔,05633,佐賀井樋明正,05759,43.,43.6,9,0.0,0.0,0.0,2026-01-11,43.6
202655011105,6,6,マイネルケイローン,2017101932,牡9,56.0,山下裕貴,05501,佐賀大垣敏夫,a01d6,61.,61.2,11,0.0,0.0,0.0,2026-01-11,61.2
202655011105,6,7,デリングシチー,2021100385,牡5,56.0,村松翔太,a0273,佐賀柳井宏之,a0259,28.,28.8,7,0.0,0.0,0.0,2026-01-11,28.8
202655011105,7,8,ブラックベル,2021106343,牝5,53.0,長谷川蓮,a05e0,佐賀東眞市,05601,20.,20.2,6,0.0,0.0,0.0,2026-01-11,20.2
202655011105,7,9,スエズマックス,2022110059,牡4,56.0,塚本征吾,05638,佐賀池田忠好,05741,8.6,8.6,4,0.0,0.0,0.0,2026-01-11,8.6
202655011105,8,10,マリエッティ,2021104643,牝5,54.0,宮内勇樹,05685,佐賀手島勝利,05257,5.1,5.1,3,0.0,0.0,0.0,2026-01-11,5.1
202655011105,8,11,フクライキリシマ,2022107136,牝4,54.0,川島拓,05645,佐賀古賀光範,05109,30.,30.4,8,0.0,0.0,0.0,2026-01-11,30.4
202655011106,1,1,セイレジーナ,2020106751,牝6,53.0,青海大樹,05658,佐賀三小田幸,05684,68.,68.4,12,0.0,0.0,0.0,2026-01-11,68.4
202655011106,2,2,リーフアクアリウム,2022110158,牡4,56.0,川島拓,05645,佐賀土井道隆,05456,3.5,3.5,2,0.0,0.0,0.0,2026-01-11,3.5
202655011106,3,3,タロウシュン,2019109077,牡7,56.0,小林凌,05560,佐賀手島勝利,05257,40.,40.5,8,0.0,0.0,0.0,2026-01-11,40.5
202655011106,4,4,ニシノキヨハ,2022105239,牝4,54.0,井上幹太,05522,佐賀真島元徳,05106,35.,35.8,6,0.0,0.0,0.0,2026-01-11,35.8
202655011106,5,5,カシノマーキュリー,2022109123,牝4,54.0,金山昇馬,05601,佐賀濱田一夫,05360,43.,43.0,9,0.0,0.0,0.0,2026-01-11,43.0
202655011106,5,6,ディアマンドロップ,2021103545,牝5,54.0,小松丈二,05587,佐賀東美義,05420,51.,51.9,11,0.0,0.0,0.0,2026-01-11,51.9
202655011106,6,7,ガトリンテソーロ,2022102271,牡4,56.0,田中純,05456,佐賀川田孝好,05450,3.6,3.6,3,0.0,0.0,0.0,2026-01-11,3.6
202655011106,6,8,ウインオリハルコン,2019100196,牡7,56.0,山下裕貴,05501,佐賀頼本盛行,a01e2,37.,37.2,7,0.0,0.0,0.0,2026-01-11,37.2
202655011106,7,9,バティックオーレ,2021104664,牡5,56.0,大山真吾,05364,佐賀山田徹,a0367,28.,28.9,5,0.0,0.0,0.0,2026-01-11,28.9
202655011106,7,10,カオリチャン,2022101186,牝4,54.0,宮内勇樹,05685,佐賀北村欣也,05770,28.,28.8,4,0.0,0.0,0.0,2026-01-11,28.8
202655011106,8,11,メイショウヒメゴゼ,2019104097,牝7,54.0,松井伸也,05502,佐賀渡辺博文,05745,2.2,2.2,1,0.0,0.0,0.0,2026-01-11,2.2
202655011106,8,12,エムズマン,2021106799,牡5,56.0,田中直人,05491,佐賀土井道隆,05456,46.,46.6,10,0.0,0.0,0.0,2026-01-11,46.6
202655011107,1,1,ヴィライザベル,2021103589,牝5,54.0,田中直人,05491,佐賀大島静夫,05059,29.,29.4,10,0.0,0.0,0.0,2026-01-11,29.4
202655011107,2,2,マインドユアベイブ,2021105241,牝5,54.0,田中純,05456,佐賀濱田一夫,05360,61.,61.0,11,0.0,0.0,0.0,2026-01-11,61.0
202655011107,3,3,チェリースカヤ,2022100316,牡4,56.0,山下裕貴,05501,佐賀矢野久美,05333,22.,22.0,8,0.0,0.0,0.0,2026-01-11,22.0
202655011107,4,4,ボンウィークエンド,2021110118,セ5,56.0,竹吉徹,05548,佐賀山田義人,a00f4,22.,22.9,9,0.0,0.0,0.0,2026-01-11,22.9
202655011107,5,5,アウトレイジング,2018102826,牡8,56.0,石川慎将,05478,佐賀手島勝利,05257,3.7,3.7,2,0.0,0.0,0.0,2026-01-11,3.7
202655011107,6,6,カシノエイサップ,2022101935,牡4,56.0,山田義貴,05654,佐賀古賀光範,05109,3.4,3.4,1,0.0,0.0,0.0,2026-01-11,3.4
202655011107,6,7,ムメ,2021106184,牝5,54.0,川島拓,05645,佐賀土井道隆,05456,4.3,4.3,3,0.0,0.0,0.0,2026-01-11,4.3
202655011107,7,8,キタカラキタテンシ,2022106006,牝4,54.0,加茂飛翔,05633,佐賀川田孝好,05450,16.,16.4,6,0.0,0.0,0.0,2026-01-11,16.4
202655011107,7,9,ブラックサンライズ,2021102235,牝5,54.0,長田進仁,05147,佐賀川田孝好,05450,8.0,8.0,4,0.0,0.0,0.0,2026-01-11,8.0
202655011107,8,10,グリーングラシア,2020101421,牡6,56.0,飛田愛斗,05609,佐賀渡辺博文,05745,14.,14.3,5,0.0,0.0,0.0,2026-01-11,14.3
202655011107,8,11,ガマダス,2022101026,牡4,56.0,松井伸也,05502,佐賀東美義,05420,20.,20.0,7,0.0,0.0,0.0,2026-01-11,20.0
202655011108,1,1,テイエムシニスター,2019100083,牡7,56.0,山口勲,05229,佐賀平山宏秀,05738,10.,10.2,5,0.0,0.0,0.0,2026-01-11,10.2
202655011108,2,2,フレイムソード,2020106542,セ6,56.0,田中直人,05491,佐賀中川竜馬,05624,13.,13.4,6,0.0,0.0,0.0,2026-01-11,13.4
202655011108,3,3,ロンリープラネット,2020101233,セ6,56.0,飛田愛斗,05609,佐賀古賀光範,05109,2.9,2.9,1,0.0,0.0,0.0,2026-01-11,2.9
202655011108,4,4,デルマベルセブブ,2019102132,牡7,56.0,山田義貴,05654,佐賀山田徹,a0367,4.9,4.9,2,0.0,0.0,0.0,2026-01-11,4.9
202655011108,5,5,エイシンチェンバー,2020106290,牡6,56.0,田中純,05456,佐賀濱田一夫,05360,30.,30.5,9,0.0,0.0,0.0,2026-01-11,30.5
202655011108,6,6,カシノルーカス,2021109161,牡5,56.0,川島拓,05645,佐賀古賀光範,05109,31.,31.4,10,0.0,0.0,0.0,2026-01-11,31.4
202655011108,6,7,フクノブルジュ,2020101465,牡6,56.0,松井伸也,05502,佐賀池田忠好,05741,22.,22.8,8,0.0,0.0,0.0,2026-01-11,22.8
202655011108,7,8,ホーリーバローズ,2021103674,牡5,56.0,加茂飛翔,05633,佐賀大島静夫,05059,15.,15.1,7,0.0,0.0,0.0,2026-01-11,15.1
202655011108,7,9,サンスイレン,2021101297,牝5,53.0,長谷川蓮,a05e0,佐賀渡辺博文,05745,5.2,5.2,3,0.0,0.0,0.0,2026-01-11,5.2
202655011108,8,10,カネコメアサヒ,2016100040,牡10,54.0,林悠翔,a05e1,佐賀渡辺博文,05745,48.,48.3,11,0.0,0.0,0.0,2026-01-11,48.3
202655011108,8,11,パトリオットゲーム,2022106089,牝4,54.0,小松丈二,05587,佐賀松島壽,05690,7.0,7.0,4,0.0,0.0,0.0,2026-01-11,7.0
202655011109,1,1,テクノストロベリー,2023102729,牝3,54.0,塚本征吾,05638,佐賀真島正徳,a0458,7.8,7.8,4,0.0,0.0,0.0,2026-01-11,7.8
202655011109,2,2,ナンテヒダ,2023109111,牡3,56.0,井上幹太,05522,佐賀真島元徳,05106,8.7,8.7,5,0.0,0.0,0.0,2026-01-11,8.7
202655011109,3,3,キャシードラル,2023104555,牝3,54.0,出水拓人,05579,佐賀北村欣也,05770,25.,25.2,7,0.0,0.0,0.0,2026-01-11,25.2
202655011109,4,4,ミッジーチャンプ,2023105903,セ3,56.0,石川倭,05534,佐賀真島元徳,05106,2.1,2.1,1,0.0,0.0,0.0,2026-01-11,2.1
202655011109,5,5,ロトピリナ,2023101344,牝3,53.0,長谷川蓮,a05e0,佐賀真島元徳,05106,7.2,7.2,3,0.0,0.0,0.0,2026-01-11,7.2
202655011109,6,6,ワイズポーシャ,2023105968,牡3,56.0,宮内勇樹,05685,佐賀北村欣也,05770,3.6,3.6,2,0.0,0.0,0.0,2026-01-11,3.6
202655011109,7,7,イッペイソツ,2023102314,牡3,56.0,山口勲,05229,佐賀池田忠好,05741,20.,20.8,6,0.0,0.0,0.0,2026-01-11,20.8
202655011109,8,8,ハッピーフェーヴ,2023104569,牝3,54.0,山下裕貴,05501,佐賀九日俊光,05005,58.,58.0,8,0.0,0.0,0.0,2026-01-11,58.0
202655011110,1,1,インレット,2022101640,牝4,54.0,石川慎将,05478,佐賀倉富隆一,a06bb,6.4,6.4,4,0.0,0.0,0.0,2026-01-11,6.4
202655011110,2,2,マリノカサブランカ,2021101268,牝5,54.0,加茂飛翔,05633,佐賀頼本盛行,a01e2,107,107.4,12,0.0,0.0,0.0,2026-01-11,107.4
202655011110,3,3,レミギノテソーロ,2022101796,牡4,54.0,林悠翔,a05e1,佐賀鮫島克也,05771,2.1,2.1,1,0.0,0.0,0.0,2026-01-11,2.1
202655011110,4,4,コスモシンテイ,2022106782,牝4,54.0,宮内勇樹,05685,佐賀中野博,a00f6,38.,38.1,7,0.0,0.0,0.0,2026-01-11,38.1
202655011110,5,5,キャロットラペ,2022101806,牝4,53.0,長谷川蓮,a05e0,佐賀頼本盛行,a01e2,39.,39.3,8,0.0,0.0,0.0,2026-01-11,39.3
202655011110,5,6,フィーリウスワン,2018101240,牡8,56.0,長田進仁,05147,佐賀川田孝好,05450,53.,53.2,10,0.0,0.0,0.0,2026-01-11,53.2
202655011110,6,7,テーオーエジソン,2021102230,牡5,56.0,山口勲,05229,佐賀真島正徳,a0458,5.4,5.4,2,0.0,0.0,0.0,2026-01-11,5.4
202655011110,6,8,イエローサファイア,2021104116,牝5,54.0,山田義貴,05654,佐賀山田徹,a0367,5.6,5.6,3,0.0,0.0,0.0,2026-01-11,5.6
202655011110,7,9,ミスキュウシュウ,2022101828,牝4,54.0,中山蓮王,05656,佐賀平山宏秀,05738,81.,81.1,11,0.0,0.0,0.0,2026-01-11,81.1
202655011110,7,10,イズジョーレイナス,2022101694,牝4,54.0,飛田愛斗,05609,佐賀三小田幸,05684,13.,13.3,5,0.0,0.0,0.0,2026-01-11,13.3
202655011110,8,11,ミリアドタレント,2022110004,牝4,54.0,竹吉徹,05548,佐賀山田徹,a0367,15.,15.3,6,0.0,0.0,0.0,2026-01-11,15.3
202655011110,8,12,マーティー,2021109134,セ5,56.0,田中純,05456,佐賀濱田一夫,05360,39.,39.9,9,0.0,0.0,0.0,2026-01-11,39.9
